"Date","Description","ChkRef","Amount","Balance"
10/04/2023,XX7834 POS PURCHASE CHICK-FIL-A #048 501-436-6146 AR 1 047674,,-$8.56,"$10,913.33"
10/04/2023,XX7834 POS PURCHASE JERSEY MIKES ONL 732-223-4044 NJ 00000000 067527,,-$10.12,"$10,903.21"
10/05/2023,XX7834 POS PURCHASE KROGER #623 LITTLE ROCK AR 35020665 020665,,-$18.69,"$10,884.52"
10/06/2023,XX7834 POS PURCHASE WESTROCK ANIMAL LITTLE ROCK AR 04348920 315894,,-$82.92,"$10,801.60"
10/10/2023,XX7834 POS PURCHASE Subway 27464 Little Rock AR 75475887 075585,,-$9.15,"$10,792.45"
10/10/2023,XX7834 POS PURCHASE McDonalds 34293 150-1821038 AR 00000000 038494,,-$9.93,"$10,782.52"
10/10/2023,XX7834 POS PURCHASE CHICK-FIL-A #048 501-436-6146 AR 1 074939,,-$10.68,"$10,771.84"
10/10/2023,XX7834 POS PURCHASE ZAXBY'S #50103 LITTLE ROCK AR 00000000 013332,,-$13.18,"$10,758.66"
10/10/2023,XX7834 POS PURCHASE JERSEY MIKES ONL 732-223-4044 NJ 00000000 043110,,-$19.69,"$10,738.97"
10/10/2023,XX7834 POS PURCHASE TODDY TOBACCO & LITTLE ROCK AR 96452424 550883,,-$27.27,"$10,711.70"
10/10/2023,XX7834 POS PURCHASE COSTCO GAS #1442 LITTLE ROCK AR 93144213 061536,,-$29.14,"$10,682.56"
10/10/2023,XX7834 POS PURCHASE M&M MART LITTLE ROCK AR 10908801 899444,,-$30.51,"$10,652.05"
10/10/2023,XX7834 POS PURCHASE KROGER #623 LITTLE ROCK AR 32715580 015580,,-$45.45,"$10,606.60"
10/11/2023,XX7834 POS PURCHASE KROGER #623 LITTLE ROCK AR 34805629 005629,,-$31.04,"$10,575.56"
10/12/2023,XX7834 POS PURCHASE APPLE.COM/BILL 866-712-7753 CA 00000000 049949,,-$0.99,"$10,574.57"
10/13/2023,TELCOE FEDERAL C PAYROLL 04259800047872X,,"$1,286.16","$11,860.73"
10/13/2023,XX7834 POS PURCHASE JIMMY JOHNS - 15 501-372-1600 AR 62092015 092015,,-$11.15,"$11,849.58"
10/16/2023,XX7834 POS PURCHASE DAVIDS BURGERS B LITTLE ROCK AR 00001336 000405,,-$10.49,"$11,839.09"
10/16/2023,XX7834 POS PURCHASE CHICK-FIL-A #048 501-436-6146 AR 1 061190,,-$10.68,"$11,828.41"
10/16/2023,XX7834 POS PURCHASE SONIC #1168 999-999-9999 AR 1 095466,,-$18.28,"$11,810.13"
10/16/2023,XX7834 POS PURCHASE TODDY TOBACCO & LITTLE ROCK AR 96452424 277019,,-$27.27,"$11,782.86"
10/16/2023,XX7834 POS PURCHASE BWW 3449 LITTLE 501-8685279 AR 32663729 034155,,-$46.98,"$11,735.88"
10/17/2023,XX7834 POS PURCHASE JIMMY JOHNS - 15 501-372-1600 AR 45916322 016322,,-$11.15,"$11,724.73"
10/17/2023,XX7834 POS PURCHASE KROGER #623 LITTLE ROCK AR 34693926 093926,,-$31.92,"$11,692.81"
10/18/2023,XX7834 POS PURCHASE Subway 27464 Little Rock AR 75475887 067585,,-$15.91,"$11,676.90"
10/18/2023,XX7834 POS PURCHASE M&M MART LITTLE ROCK AR 10908801 525116,,-$30.52,"$11,646.38"
10/18/2023,XX7834 POS PURCHASE COSTCO GAS #1442 LITTLE ROCK AR 93144213 460951,,-$34.67,"$11,611.71"
10/19/2023,XX7834 POS PURCHASE KROGER #623 LITTLE ROCK AR 34324662 024662,,-$27.79,"$11,583.92"
10/23/2023,XX7834 POS PURCHASE JIMMY JOHNS - 15 501-372-1600 AR 66685004 085004,,-$1.98,"$11,581.94"
10/23/2023,XX7834 POS PURCHASE APPLE.COM/BILL 866-712-7753 CA 00000000 081271,,-$5.36,"$11,576.58"
10/23/2023,XX7834 POS PURCHASE McDonalds 34293 150-1821038 AR 00000000 040494,,-$6.24,"$11,570.34"
10/23/2023,XX7834 POS PURCHASE JERSEY MIKES ONL 732-223-4044 NJ 00000000 006336,,-$11.12,"$11,559.22"
10/23/2023,XX7834 POS PURCHASE SLIM CHICKENS ST LITTLE ROCK AR 00005375 014364,,-$11.60,"$11,547.62"
10/23/2023,XX7834 POS PURCHASE APPLE.COM/BILL 800-275-2273 CA 00000000 063672,,-$26.86,"$11,520.76"
10/23/2023,XX7834 POS PURCHASE COSTCO GAS #1442 LITTLE ROCK AR 93144213 482882,,-$28.36,"$11,492.40"
10/23/2023,XX7834 POS PURCHASE TODDY TOBACCO & LITTLE ROCK AR 96452424 295572,,-$28.36,"$11,464.04"
10/23/2023,XX7834 POS PURCHASE DOMINO'S 5327 501-247-7856 AR 00000000 095312,,-$29.38,"$11,434.66"
10/23/2023,XX7834 ATM WITHDRAWAL STONE BANK Little Rock AR AR000543 000580,,-$100.00,"$11,334.66"
10/23/2023,ATM SURCHARGE XX7834 ATM WITHDRAWAL STONE BANK Little Rock AR AR000543 000580,,-$2.00,"$11,332.66"
10/23/2023,FEE FOR ATM WITHDRAWAL STONE BANK Little Rock AR AR000543 000580,,-$2.50,"$11,330.16"
10/24/2023,XX7834 POS PURCHASE JIMMY JOHNS - 15 501-372-1600 AR 45944688 044688,,-$9.93,"$11,320.23"
10/26/2023,XX7834 POS PURCHASE KROGER #623 LITTLE ROCK AR 35040846 040846,,-$21.73,"$11,298.50"
10/26/2023,XX7834 POS PURCHASE 1067 GREAT CLIPS LITTLE ROCK AR 03190274 055721,,-$25.00,"$11,273.50"
10/30/2023,XX7834 POS PURCHASE WALGREENS STORE LITTLE ROCK AR 99999999 117367,,-$6.51,"$11,266.99"
10/30/2023,XX7834 POS PURCHASE TODDY TOBACCO & LITTLE ROCK AR 96452424 413323,,-$10.45,"$11,256.54"
10/30/2023,XX7834 POS PURCHASE JIMMY JOHNS - 15 501-372-1600 AR 91495890 095890,,-$11.15,"$11,245.39"
10/31/2023,TELCOE FEDERAL C PAYROLL 04465000014892X,,"$1,286.16","$12,531.55"
10/31/2023,XX7834 POS PURCHASE JIMMY JOHNS - 15 501-372-1600 AR 45438418 038418,,-$9.17,"$12,522.38"
10/31/2023,XX7834 POS PURCHASE JERSEY MIKES ONL 732-223-4044 NJ 00000000 002688,,-$11.12,"$12,511.26"
11/01/2023,XX7834 POS PURCHASE COSTCO GAS #1442 LITTLE ROCK AR 93144213 253330,,-$26.39,"$12,484.87"
11/06/2023,XX7834 POS PURCHASE DAIRY QUEEN #459 LITTLE ROCK AR 00008632 000098,,-$7.18,"$12,477.69"
11/06/2023,XX7834 POS PURCHASE POPEYES #12974 LITTLE ROCK AR 00006169 010926,,-$11.05,"$12,466.64"
11/06/2023,XX7834 POS PURCHASE JIMMY JOHNS - 15 501-372-1600 AR 66894440 094440,,-$11.15,"$12,455.49"
11/06/2023,XX7834 POS PURCHASE WALGREENS STORE LITTLE ROCK AR 99999999 314551,,-$13.01,"$12,442.48"
11/06/2023,XX7834 POS PURCHASE M&M MART LITTLE ROCK AR 10908801 519668,,-$26.15,"$12,416.33"
11/06/2023,XX7834 POS PURCHASE POPEYES 13105 LITTLE ROCK AR 00004976 010179,,-$34.69,"$12,381.64"
11/06/2023,XX7834 POS PURCHASE KROGER #623 LITTLE ROCK AR 32482777 082777,,-$65.62,"$12,316.02"
11/07/2023,XX7834 POS PURCHASE JIMMY JOHNS - 15 501-372-1600 AR 50334833 034833,,-$11.15,"$12,304.87"
11/08/2023,XX7834 POS PURCHASE FIREHOUSE SUBS 0 LITTLE ROCK AR 59984844 084844,,-$12.04,"$12,292.83"
11/13/2023,XX7834 POS PURCHASE POPEYES #12974 LITTLE ROCK AR 00006169 010096,,-$11.83,"$12,281.00"
11/13/2023,XX7834 POS PURCHASE JIMMY JOHNS - 15 501-372-1600 AR 66939559 039559,,-$14.46,"$12,266.54"
11/14/2023,XX7834 POS PURCHASE COSTCO GAS #1442 LITTLE ROCK AR 93144213 064146,,-$25.94,"$12,240.60"
11/14/2023,XX7834 POS PURCHASE KROGER #623 LITTLE ROCK AR 33618197 018197,,-$30.20,"$12,210.40"
11/15/2023,TELCOE FEDERAL C PAYROLL 04666600012925X,,"$1,286.16","$13,496.56"
11/15/2023,XX7834 POS PURCHASE CHICK-FIL-A #048 501-436-6146 AR 1 080099,,-$5.96,"$13,490.60"
11/20/2023,XX7834 POS PURCHASE EXPRESSWAY FORDY FORDYCE AR 77646821 020205,,-$2.19,"$13,488.41"
11/20/2023,XX7834 POS PURCHASE DAVIDS BURGERS B LITTLE ROCK AR 00001336 000668,,-$10.49,"$13,477.92"
11/20/2023,XX7834 POS PURCHASE JIMMY JOHNS - 15 501-372-1600 AR 65773538 073538,,-$14.46,"$13,463.46"
11/20/2023,XX7834 POS PURCHASE SONIC #1168 999-999-9999 AR 1 079982,,-$16.74,"$13,446.72"
11/20/2023,XX7834 POS PURCHASE EXPRESS WAY FORDYCE AR 11284701 114965,,-$20.67,"$13,426.05"
11/20/2023,XX7834 POS PURCHASE WALGREENS STORE LITTLE ROCK AR 99999999 214092,,-$26.06,"$13,399.99"
11/20/2023,XX7834 POS PURCHASE JIFFY LUBE #4089 LITTLE ROCK AR 001 332413020146,,-$179.84,"$13,220.15"
11/21/2023,ONLINE BANKING TRANSFER FROM x3799 11/21/23,,$60.00,"$13,280.15"
11/21/2023,XX7834 POS PURCHASE POPEYES #12974 LITTLE ROCK AR 00006169 010164,,-$12.21,"$13,267.94"
11/21/2023,XX7834 POS PURCHASE TST* CHIS CHINES Little Rock AR 00000000 072171,,-$55.51,"$13,212.43"
11/22/2023,XX7834 POS PURCHASE APPLE.COM/BILL 866-712-7753 CA 00000000 080278,,-$4.99,"$13,207.44"
11/27/2023,XX7834 POS PURCHASE JIMMY JOHNS - 15 501-372-1600 AR 61866310 066310,,-$11.15,"$13,196.29"
11/27/2023,XX7834 POS PURCHASE SLIM CHICKENS ST LITTLE ROCK AR 00005375 008222,,-$15.47,"$13,180.82"
11/27/2023,XX7834 POS PURCHASE 1067 GREAT CLIPS LITTLE ROCK AR 03190274 023631,,-$25.00,"$13,155.82"
11/27/2023,XX7834 POS PURCHASE KROGER #623 LITTLE ROCK AR 29132682 032682,,-$34.86,"$13,120.96"
11/28/2023,XX7834 POS PURCHASE WALGREENS STORE LITTLE ROCK AR 99999999 251314,,-$26.59,"$13,094.37"
11/28/2023,XX7834 ATM WITHDRAWAL BANK OZK LITTLE ROCK AR AR000099 005148,,-$80.00,"$13,014.37"
11/29/2023,XX7834 POS PURCHASE CHICK-FIL-A #048 501-436-6146 AR 1 000953,,-$10.87,"$13,003.50"
11/29/2023,XX7834 POS PURCHASE COSTCO GAS #1442 LITTLE ROCK AR 93144213 050560,,-$24.22,"$12,979.28"
11/30/2023,Telcoe Federal C PAYROLL 15amA3LY4iashyy,,$184.70,"$13,163.98"
11/30/2023,TELCOE FEDERAL C PAYROLL 04838100014957X,,"$1,286.16","$14,450.14"
12/04/2023,XX7834 POS PURCHASE AJI RAMEN BAR. LITTLE ROCK AR 00015555 088363,,-$34.29,"$14,415.85"
12/05/2023,XX7834 POS PURCHASE JIMMY JOHNS - 15 501-372-1600 AR 49614931 014931,,-$12.37,"$14,403.48"
12/08/2023,XX7834 POS PURCHASE KROGER #623 LITTLE ROCK AR 35165866 065866,,-$32.79,"$14,370.69"
12/11/2023,XX7834 POS PURCHASE WL *STEAM PURCHA 425-889-9642 WA 00000000 054656,,-$9.99,"$14,360.70"
12/11/2023,XX7834 POS PURCHASE COSTCO GAS #1442 LITTLE ROCK AR 93144213 020969,,-$24.88,"$14,335.82"
12/11/2023,XX7834 ATM WITHDRAWAL BANK OZK LITTLE ROCK AR AR000099 005945,,-$120.00,"$14,215.82"
12/12/2023,XX7834 POS PURCHASE JIMMY JOHNS - 15 501-372-1600 AR 44785272 085272,,-$10.28,"$14,205.54"
12/12/2023,XX7834 POS PURCHASE TST* CHIS CHINES Little Rock AR 00000000 058802,,-$46.63,"$14,158.91"
12/12/2023,XX7834 POS PURCHASE Prime Medical Gr Little Rock AR 05607759 015605,,-$99.24,"$14,059.67"
12/13/2023,XX7834 POS PURCHASE SLIM CHICKENS ST LITTLE ROCK AR 00005375 006149,,-$11.05,"$14,048.62"
12/14/2023,XX7834 POS PURCHASE CHICK-FIL-A #048 501-436-6146 AR 1 090436,,-$5.96,"$14,042.66"
12/15/2023,TELCOE FEDERAL C PAYROLL 05056200003951X,,"$1,286.16","$15,328.82"
12/18/2023,XX7834 POS PURCHASE McDonalds 34293 150-1821038 AR 00000000 099304,,-$5.63,"$15,323.19"
12/18/2023,XX7834 POS PURCHASE CHICK-FIL-A #048 501-436-6146 AR 1 096882,,-$5.96,"$15,317.23"
12/18/2023,XX7834 POS PURCHASE POPEYES #12974 LITTLE ROCK AR 00006169 010724,,-$15.70,"$15,301.53"
12/18/2023,XX7834 POS PURCHASE BWW 3449 LITTLE 501-8685279 AR 32663729 004047,,-$49.98,"$15,251.55"
12/19/2023,XX7834 POS PURCHASE JIMMY JOHNS - 15 501-372-1600 AR 50719470 019470,,-$12.37,"$15,239.18"
12/20/2023,XX7834 POS PURCHASE WALGREENS STORE LITTLE ROCK AR 99999999 418467,,-$20.40,"$15,218.78"
12/20/2023,XX7834 POS PURCHASE AMZN Mktp US*EU2 Amzn.com/bill WA 00000000 036563,,-$37.61,"$15,181.17"
12/22/2023,XX7834 POS PURCHASE CHICK-FIL-A #048 501-436-6146 AR 1 069650,,-$5.96,"$15,175.21"
12/22/2023,XX7834 POS PURCHASE KROGER FUEL #562 LITTLE ROCK AR 99999999 342613,,-$22.13,"$15,153.08"
12/22/2023,XX7834 POS PURCHASE TST* ROCK N ROLL LITTLE ROCK AR 22347151 047151,,-$23.70,"$15,129.38"
12/26/2023,XX7834 POS PURCHASE SLIM CHICKENS ST LITTLE ROCK AR 00005375 006174,,-$11.05,"$15,118.33"
12/26/2023,XX7834 POS PURCHASE CHICK-FIL-A #048 501-436-6146 AR 1 000540,,-$11.66,"$15,106.67"
12/27/2023,XX7834 POS PURCHASE 3488 GREAT CLIPS LITTLE ROCK AR 03192463 081792,,-$26.00,"$15,080.67"
12/27/2023,XX7834 POS PURCHASE AMZN Mktp US*DK2 Amzn.com/bill WA 00000000 090853,,-$56.95,"$15,023.72"
12/28/2023,XX7834 POS PURCHASE CHICK-FIL-A #048 501-436-6146 AR 1 025489,,-$5.96,"$15,017.76"
12/28/2023,XX7834 POS PURCHASE JERSEY MIKES ONL 732-223-4044 NJ 00000000 020763,,-$11.12,"$15,006.64"
12/28/2023,XX7834 POS PURCHASE KROGER #623 LITTLE ROCK AR 31784892 084892,,-$53.19,"$14,953.45"
12/29/2023,TELCOE FEDERAL C PAYROLL 05246300006119X,,"$1,286.16","$16,239.61"
01/02/2024,XX7834 POS PURCHASE JIMMY JOHNS - 15 501-372-1600 AR 62854315 054315,,-$10.28,"$16,229.33"
01/03/2024,XX7834 POS PURCHASE DAVIDS BURGERS B LITTLE ROCK AR 00001336 000064,,-$11.15,"$16,218.18"
01/04/2024,XX7834 POS PURCHASE CHICK-FIL-A #048 501-436-6146 AR 1 003795,,-$5.96,"$16,212.22"
01/04/2024,XX7834 POS PURCHASE APPLE.COM/BILL 866-712-7753 CA 00000000 078812,,-$7.99,"$16,204.23"
01/04/2024,XX7834 POS PURCHASE COSTCO GAS #1442 LITTLE ROCK AR 93144213 470814,,-$21.73,"$16,182.50"
01/08/2024,CONSUMER MOBILE DEPOSIT,,$26.31,"$16,208.81"
01/08/2024,XX7834 POS PURCHASE CHICK-FIL-A #048 501-436-6146 AR 1 010622,,-$5.96,"$16,202.85"
01/08/2024,XX7834 POS PURCHASE JIMMY JOHNS - 15 501-372-1600 AR 62853465 053465,,-$10.28,"$16,192.57"
01/08/2024,XX7834 POS PURCHASE DOMINO'S 5327 LITTLE ROCK AR 36421951 021951,,-$18.62,"$16,173.95"
01/08/2024,XX7834 POS PURCHASE POPEYES #12974 LITTLE ROCK AR 00006169 010269,,-$26.21,"$16,147.74"
01/08/2024,XX7834 POS PURCHASE KROGER #623 LITTLE ROCK AR 30376732 076732,,-$83.48,"$16,064.26"
01/10/2024,XX7834 POS PURCHASE CHICK-FIL-A #048 501-436-6146 AR 1 066582,,-$5.96,"$16,058.30"
01/10/2024,XX7834 CHECKING PYMNT APPLE COM BILL CUPERTINO CA 003 400922817612,,-$10.74,"$16,047.56"
01/12/2024,TELCOE FEDERAL C PAYROLL 05472400010817X,,"$1,292.55","$17,340.11"
01/12/2024,TELCOE FEDERAL C PAYROLL 05561100003626X,,"$1,292.55","$18,632.66"
01/12/2024,XX7834 POS PURCHASE CHICK-FIL-A #048 501-436-6146 AR 1 060349,,-$5.96,"$18,626.70"
01/12/2024,XX7834 POS PURCHASE DOMINO'S 5327 501-247-7856 AR 30655372 055372,,-$26.62,"$18,600.08"
01/12/2024,TELCOE FEDERAL C REVERSAL 05472400010806X,,"-$1,292.55","$17,307.53"
01/16/2024,XX7834 POS PURCHASE ZAXBY'S #50103 501-313-5268 AR 00000000 096431,,-$14.25,"$17,293.28"
01/16/2024,XX7834 POS PURCHASE KROGER #623 LITTLE ROCK AR 30642232 042232,,-$90.51,"$17,202.77"
01/18/2024,XX7834 POS PURCHASE SLIM CHICKENS ST LITTLE ROCK AR 00005375 014385,,-$11.05,"$17,191.72"
01/22/2024,XX7834 POS PURCHASE SHELL OIL 100105 LITTLE ROCK AR 00000000 062220,,-$3.81,"$17,187.91"
01/22/2024,XX7834 POS PURCHASE JIMMY JOHNS - 15 501-372-1600 AR 60041659 041659,,-$10.28,"$17,177.63"
01/22/2024,XX7834 POS PURCHASE COSTCO GAS #1442 LITTLE ROCK AR 93144213 683265,,-$24.10,"$17,153.53"
01/22/2024,XX7834 POS PURCHASE POPEYES #12974 LITTLE ROCK AR 00006169 010381,,-$26.21,"$17,127.32"
01/29/2024,XX7834 POS PURCHASE CHICK-FIL-A #048 501-436-6146 AR 1 048048,,-$5.96,"$17,121.36"
01/29/2024,XX7834 POS PURCHASE JIMMY JOHNS - 15 501-372-1600 AR 68499545 099545,,-$10.28,"$17,111.08"
01/29/2024,XX7834 POS PURCHASE KROGER #623 LITTLE ROCK AR 32323120 023120,,-$99.40,"$17,011.68"
01/29/2024,WITHDRAWAL,,"-$15,000.00","$2,011.68"
01/30/2024,DELUXE CHECK CHECK/ACC.,,-$26.00,"$1,985.68"
01/31/2024,TELCOE FEDERAL C PAYROLL 06030500000630X,,"$1,292.55","$3,278.23"
02/02/2024,XX7834 POS PURCHASE COSTCO GAS #1442 LITTLE ROCK AR 93144213 080048,,-$24.36,"$3,253.87"
02/05/2024,XX7834 POS PURCHASE JIMMY JOHNS - 15 501-372-1600 AR 69545064 045064,,-$10.28,"$3,243.59"
02/05/2024,XX7834 POS PURCHASE JERSEY MIKES ONL 732-223-4044 NJ 00000000 017524,,-$12.34,"$3,231.25"
02/05/2024,XX7834 POS PURCHASE DOMINO'S 5327 501-247-7856 AR 29000440 000440,,-$23.52,"$3,207.73"
02/06/2024,XX7834 POS PURCHASE McDonalds 34293 150-1821038 AR 00000000 037908,,-$8.83,"$3,198.90"
02/06/2024,XX7834 POS PURCHASE KROGER #623 LITTLE ROCK AR 32861442 061442,,-$39.01,"$3,159.89"
02/07/2024,XX7834 CHECKING PYMNT APPLE COM BILL CUPERTINO CA 003 403815638893,,-$2.14,"$3,157.75"
02/07/2024,XX7834 POS PURCHASE CHICK-FIL-A #048 501-436-6146 AR 1 006001,,-$5.96,"$3,151.79"
02/09/2024,XX7834 POS PURCHASE CHICK-FIL-A #048 501-436-6146 AR 1 097308,,-$5.96,"$3,145.83"
02/12/2024,XX7834 POS PURCHASE KROGER #622 LITTLE ROCK AR 36280573 080573,,-$4.93,"$3,140.90"
02/12/2024,XX7834 POS PURCHASE CHICK-FIL-A #048 501-436-6146 AR 1 057905,,-$5.96,"$3,134.94"
02/12/2024,XX7834 POS PURCHASE McDonalds 34293 150-1821038 AR 00000000 070208,,-$6.06,"$3,128.88"
02/12/2024,XX7834 POS PURCHASE JERSEY MIKES ONL 732-223-4044 NJ 00000000 013082,,-$10.34,"$3,118.54"
02/12/2024,XX7834 POS PURCHASE CHICK-FIL-A #027 501-228-0404 AR 1 086457,,-$11.99,"$3,106.55"
02/12/2024,XX7834 POS PURCHASE KROGER #623 LITTLE ROCK AR 34523370 023370,,-$70.07,"$3,036.48"
02/13/2024,XX7834 POS PURCHASE JIMMY JOHNS - 15 501-372-1600 AR 42459524 059524,,-$10.28,"$3,026.20"
02/13/2024,XX7834 POS PURCHASE Subway 27464 Little Rock AR 75475887 003905,,-$18.04,"$3,008.16"
02/13/2024,XX7834 POS PURCHASE COSTCO GAS #1442 LITTLE ROCK AR 93144213 605844,,-$24.90,"$2,983.26"
02/15/2024,TELCOE FEDERAL C PAYROLL 06239200046945X,,"$1,292.55","$4,275.81"
02/15/2024,XX7834 POS PURCHASE CHICK-FIL-A #048 501-436-6146 AR 1 025156,,-$5.96,"$4,269.85"
02/15/2024,CAPITAL ONE CRCARDPMT 3WYISVZJY6B2NK2,,-$105.43,"$4,164.42"
02/16/2024,XX7834 POS PURCHASE McDonalds 34293 150-1821038 AR 00000000 084408,,-$5.63,"$4,158.79"
02/16/2024,XX7834 POS PURCHASE CHICK-FIL-A #048 501-436-6146 AR 1 097774,,-$5.96,"$4,152.83"
02/16/2024,XX7834 POS PURCHASE POPEYES #12974 LITTLE ROCK AR 00006169 010140,,-$15.70,"$4,137.13"
02/20/2024,XX7834 POS PURCHASE CHICK-FIL-A #048 501-436-6146 AR 1 033254,,-$5.96,"$4,131.17"
02/20/2024,XX7834 POS PURCHASE SLIM CHICKENS ST LITTLE ROCK AR 00005375 014442,,-$14.80,"$4,116.37"
02/20/2024,CAPITAL ONE MOBILE PMT 3WZKQ09AQO63C8Y,,-$56.71,"$4,059.66"
02/21/2024,XX7834 POS PURCHASE McDonalds 34293 150-1821038 AR 00000000 055208,,-$5.74,"$4,053.92"
02/21/2024,XX7834 POS PURCHASE CHICK-FIL-A #027 501-228-0404 AR 1 055524,,-$10.83,"$4,043.09"
02/21/2024,XX7834 POS PURCHASE FSP*ARKANSAS SKA LITTLE ROCK AR 33944304 044304,,-$12.00,"$4,031.09"
02/21/2024,XX7834 POS PURCHASE GANDOLFOS DELI 501-7730415 AR 77468520 080397,,-$14.05,"$4,017.04"
02/21/2024,XX7834 POS PURCHASE DOMINO'S 5327 501-247-7856 AR 00000000 076175,,-$15.53,"$4,001.51"
02/21/2024,XX7834 POS PURCHASE KROGER #623 LITTLE ROCK AR 33944312 044312,,-$20.82,"$3,980.69"
02/23/2024,XX7834 POS PURCHASE AMAZON.COM*RZ7BF SEATTLE WA 00000000 011539,,-$36.54,"$3,944.15"
02/23/2024,XX7834 POS PURCHASE LIQUOR ROCK LLC LITTLE ROCK AR 83390401 476532,,-$103.71,"$3,840.44"
02/26/2024,XX7834 POS PURCHASE PARKMOBILE 770-818-9036 GA 00000000 083596,,-$2.45,"$3,837.99"
02/26/2024,XX7834 POS PURCHASE DAVIDS BURGERS B LITTLE ROCK AR 00001336 000127,,-$11.15,"$3,826.84"
02/26/2024,XX7834 POS PURCHASE FLYING FISH NO. 501-3753474 AR 00000000 020716,,-$22.14,"$3,804.70"
02/26/2024,XX7834 POS PURCHASE AJI RAMEN BAR. LITTLE ROCK AR 00015555 016066,,-$24.97,"$3,779.73"
02/26/2024,XX7834 POS PURCHASE COSTCO GAS #1442 LITTLE ROCK AR 93144213 969480,,-$27.07,"$3,752.66"
02/26/2024,XX7834 POS PURCHASE KROGER #623 LITTLE ROCK AR 80062307 007504,,-$41.26,"$3,711.40"
02/27/2024,XX7834 POS PURCHASE KROGER #623 LITTLE ROCK AR 33755692 055692,,-$98.34,"$3,613.06"
02/29/2024,IRS TREAS 310 TAX REF XXXXXXXXXXX0918,,$336.00,"$3,949.06"
02/29/2024,TELCOE FEDERAL C PAYROLL 06410600009371X,,$526.42,"$4,475.48"
03/01/2024,XX7834 POS PURCHASE PAR*TACOS 4 LIFE LITTLE ROCK AR 18532381 032381,,-$17.02,"$4,458.46"
03/01/2024,XX7834 POS PURCHASE 3488 GREAT CLIPS LITTLE ROCK AR 03192463 087149,,-$26.00,"$4,432.46"
03/04/2024,ARSTTAXRFD STATE OF ARK 24*A*XXXXXX7372 *0630,,$286.00,"$4,718.46"
03/04/2024,XX7834 POS PURCHASE DAVIDS BURGERS B LITTLE ROCK AR 00001336 000125,,-$11.15,"$4,707.31"
03/04/2024,XX7834 POS PURCHASE JERSEY MIKES ONL HTTPS//WWW.JE NJ 00000000 028520,,-$11.34,"$4,695.97"
03/04/2024,XX7834 POS PURCHASE Subway 24844 Little Rock AR 75499498 010105,,-$17.59,"$4,678.38"
03/04/2024,XX7834 POS PURCHASE KROGER #623 LITTLE ROCK AR 36309703 009703,,-$76.04,"$4,602.34"
03/07/2024,XX7834 POS PURCHASE CHICK-FIL-A #027 501-228-0404 AR 1 025080,,-$19.30,"$4,583.04"
03/08/2024,XX7834 POS PURCHASE McDonalds 34293 150-1821038 AR 00000000 005608,,-$10.04,"$4,573.00"
03/11/2024,XX7834 CHECKING PYMNT APPLE COM BILL CUPERTINO CA 003 406915538097,,-$1.06,"$4,571.94"
03/12/2024,XX7834 POS PURCHASE COSTCO GAS #1442 LITTLE ROCK AR 93144213 534806,,-$27.53,"$4,544.41"
03/14/2024,XX7834 CHECKING PYMNT APPLE COM BILL CUPERTINO CA 003 407415809860,,-$1.06,"$4,543.35"
03/15/2024,TELCOE FEDERAL C PAYROLL 06593300005588X,,$586.77,"$5,130.12"
03/18/2024,XX7834 POS PURCHASE DAVIDS BURGERS B LITTLE ROCK AR 00001336 000135,,-$14.58,"$5,115.54"
03/18/2024,XX7834 POS PURCHASE Subway 27464 Little Rock AR 75475887 038705,,-$15.64,"$5,099.90"
03/18/2024,XX7834 POS PURCHASE CHICK-FIL-A #027 501-228-0404 AR 1 053817,,-$21.84,"$5,078.06"
03/19/2024,XX7834 POS PURCHASE KROGER #623 LITTLE ROCK AR 34012887 012887,,-$83.52,"$4,994.54"
03/19/2024,CAPITAL ONE MOBILE PMT 3X5BD8V9Q22W8UA,,-$200.33,"$4,794.21"
03/22/2024,XX7834 POS PURCHASE KROGER #623 LITTLE ROCK AR 34928876 028876,,-$59.18,"$4,735.03"
03/27/2024,XX7834 POS PURCHASE 3488 GREAT CLIPS LITTLE ROCK AR 03192463 034105,,-$18.99,"$4,716.04"
03/28/2024,XX7834 POS PURCHASE WL *Steam Purcha 425-9522985 WA 00000007 002155,,-$2.99,"$4,713.05"
03/28/2024,XX7834 POS PURCHASE COSTCO GAS #1442 LITTLE ROCK AR 93144213 329614,,-$26.94,"$4,686.11"
03/29/2024,TELCOE FEDERAL C PAYROLL 06784900045209X,,$526.42,"$5,212.53"
04/01/2024,XX7834 POS PURCHASE KROGER #623 LITTLE ROCK AR 38583230 083230,,-$52.07,"$5,160.46"
04/01/2024,XX7834 POS PURCHASE KROGER #623 LITTLE ROCK AR 40765320 065320,,-$74.98,"$5,085.48"
04/03/2024,XX7834 POS PURCHASE GENESIS AUTO WAS LITTLE ROCK AR 00010001 019643,,-$18.00,"$5,067.48"
04/04/2024,XX7834 POS PURCHASE COSTCO GAS #1442 LITTLE ROCK AR 93144213 651068,,-$26.19,"$5,041.29"
04/08/2024,XX7834 POS PURCHASE AMZN Mktp US*5A9 Amzn.com/bill WA 00000000 041318,,-$9.58,"$5,031.71"
04/08/2024,XX7834 POS PURCHASE AMAZON.COM*R58TI SEATTLE WA 00000000 069377,,-$10.06,"$5,021.65"
04/08/2024,XX7834 POS PURCHASE KROGER #623 LITTLE ROCK AR 38576481 076481,,-$54.13,"$4,967.52"
04/09/2024,XX7834 POS PURCHASE WALGREENS STORE LITTLE ROCK AR 99999999 224246,,-$28.57,"$4,938.95"
04/12/2024,XX7834 POS PURCHASE COSTCO GAS #1442 LITTLE ROCK AR 93144213 145762,,-$12.38,"$4,926.57"
04/12/2024,XX7834 POS PURCHASE KROGER #623 LITTLE ROCK AR 31401158 001158,,-$91.84,"$4,834.73"
04/15/2024,TELCOE FEDERAL C PAYROLL 06997700020449X,,$586.77,"$5,421.50"
04/15/2024,XX7834 POS PURCHASE JIMMY JOHNS - 8 SPRINGDALE AR 00000000 024392,,-$11.84,"$5,409.66"
04/15/2024,XX7834 POS PURCHASE COSTCO WHSE #144 LITTLE ROCK AR 99144213 791669,,-$17.48,"$5,392.18"
04/15/2024,XX7834 POS PURCHASE GENESIS AUTO WAS LITTLE ROCK AR 00010001 005476,,-$18.00,"$5,374.18"
04/15/2024,XX7834 POS PURCHASE PDQ NORTH RUSSELLVILLE AR 0002QI15 410570040664,,-$26.53,"$5,347.65"
04/16/2024,CAPITAL ONE CRCARDPMT 3XB6KQUBA58RKXU,,-$119.19,"$5,228.46"
04/18/2024,XX7834 POS PURCHASE STEAMGAMES.COM 4 425-8899642 WA 00000000 005202,,-$7.99,"$5,220.47"
04/19/2024,XX7834 POS PURCHASE 3488 GREAT CLIPS LITTLE ROCK AR 03192463 062226,,-$26.00,"$5,194.47"
04/22/2024,XX7834 POS PURCHASE AMAZON MAR* 114- HTTPSAMAZON.C WA ETEST1UC 050677,,-$13.96,"$5,180.51"
04/22/2024,XX7834 POS PURCHASE KOHLS #0696 LITTLE ROCK AR 09164892 064892,,-$59.71,"$5,120.80"
04/23/2024,XX7834 POS PURCHASE AMAZON RET* 114- WWW.AMAZON.CO WA HLDSODZP 036341,,-$19.32,"$5,101.48"
04/24/2024,XX7834 POS PURCHASE COSTCO WHSE #144 LITTLE ROCK AR 99144213 547753,,-$17.53,"$5,083.95"
04/25/2024,CONSUMER MOBILE DEPOSIT,,$100.00,"$5,183.95"
04/25/2024,XX7834 POS PURCHASE KROGER #623 LITTLE ROCK AR 31404426 004426,,-$100.39,"$5,083.56"
04/26/2024,XX7834 POS PURCHASE COSTCO GAS #1442 LITTLE ROCK AR 93144213 579849,,-$25.86,"$5,057.70"
04/29/2024,ONLINE BANKING TRANSFER FROM x3799 04/27/24,,$35.00,"$5,092.70"
04/29/2024,ONLINE BANKING TRANSFER FROM x3799 04/27/24,,$40.00,"$5,132.70"
04/29/2024,ONLINE BANKING TRANSFER FROM x3799 04/28/24,,$85.00,"$5,217.70"
04/29/2024,XX7834 POS PURCHASE Love's #0267 Out MORRILTON AR 001 672128,,-$31.35,"$5,186.35"
04/29/2024,XX7834 POS PURCHASE CHICK-FIL-A #016 479-636-4664 AR 1 098028,,-$37.36,"$5,148.99"
04/29/2024,XX7834 POS PURCHASE JIMS RAZORBACK P LITTLE ROCK AR 03617028 011683,,-$39.32,"$5,109.67"
04/29/2024,XX7834 POS PURCHASE KROGER #623 LITTLE ROCK AR 32167618 067618,,-$80.78,"$5,028.89"
04/30/2024,TELCOE FEDERAL C PAYROLL 07197900003238X,,$586.79,"$5,615.68"
04/30/2024,XX7834 POS PURCHASE MURPHY EXPRESS 8 LITTLE ROCK AR 33670601 065342,,-$5.47,"$5,610.21"
05/01/2024,XX7834 POS PURCHASE LEGACY WINE AND LITTLE ROCK AR 04369885 001327,,-$47.98,"$5,562.23"
05/03/2024,XX7834 POS PURCHASE LEGACY WINE AND LITTLE ROCK AR 04369885 017890,,-$36.28,"$5,525.95"
05/03/2024,XX7834 POS PURCHASE KROGER #623 LITTLE ROCK AR 32931716 031716,,-$75.40,"$5,450.55"
05/06/2024,XX7834 POS PURCHASE STEAMGAMES.COM 4 425-8899642 WA 00000000 036203,,-$25.00,"$5,425.55"
05/07/2024,XX7834 POS PURCHASE KUM&GO 0139R LIT LITTLE ROCK AR 00000000 056799,,-$8.43,"$5,417.12"
05/07/2024,XX7834 POS PURCHASE LEGACY WINE AND LITTLE ROCK AR 04369885 013771,,-$20.07,"$5,397.05"
05/07/2024,XX7834 POS PURCHASE AR.GOV/STPAYMENT EGOV.COM AR 00000965 001547,,-$42.00,"$5,355.05"
05/09/2024,XX7834 POS PURCHASE 1067 GREAT CLIPS LITTLE ROCK AR 03190274 008569,,-$25.00,"$5,330.05"
05/09/2024,XX7834 POS PURCHASE COSTCO GAS #1442 LITTLE ROCK AR 93144213 393544,,-$26.91,"$5,303.14"
05/09/2024,XX7834 POS PURCHASE KROGER #623 LITTLE ROCK AR 33646503 046503,,-$60.27,"$5,242.87"
05/10/2024,XX7834 POS PURCHASE KROGER #623 LITTLE ROCK AR 32435346 035346,,-$53.03,"$5,189.84"
05/13/2024,XX7834 POS PURCHASE KUM&GO 0139R LIT LITTLE ROCK AR 00000000 096369,,-$8.93,"$5,180.91"
05/13/2024,XX7834 POS PURCHASE LEGACY WINE AND LITTLE ROCK AR 04369885 001347,,-$12.05,"$5,168.86"
05/13/2024,XX7834 POS PURCHASE KROGER #623 LITTLE ROCK AR 33371243 071243,,-$14.66,"$5,154.20"
05/13/2024,XX7834 POS PURCHASE CIRCLE K DEALER LITTLE ROCK AR 101 783447,,-$20.93,"$5,133.27"
05/13/2024,XX7834 POS PURCHASE COSTCO WHSE #144 LITTLE ROCK AR 99144213 322576,,-$47.21,"$5,086.06"
05/13/2024,XX7834 POS PURCHASE AJI RAMEN BAR. LITTLE ROCK AR 00015555 063915,,-$51.98,"$5,034.08"
05/14/2024,XX7834 POS PURCHASE KROGER #623 LITTLE ROCK AR 30644048 044048,,-$31.55,"$5,002.53"
05/15/2024,Deposit,,$100.00,"$5,102.53"
05/15/2024,TELCOE FEDERAL C PAYROLL 07391700005961X,,$526.42,"$5,628.95"
05/15/2024,XX7834 POS PURCHASE WALGREENS STORE LITTLE ROCK AR 99999999 154246,,-$5.82,"$5,623.13"
05/15/2024,XX7834 POS PURCHASE KROGER #623 LITTLE ROCK AR 31447615 047615,,-$79.24,"$5,543.89"
05/15/2024,CAPITAL ONE CRCARDPMT 3XHII0XBQV0KLOI,,-$117.51,"$5,426.38"
05/16/2024,XX7834 POS PURCHASE JERSEY MIKES ONL https://prod. NJ 00007671 013025,,-$11.34,"$5,415.04"
05/16/2024,XX7834 POS PURCHASE SHELL OIL1000554 LITTLE ROCK AR 00000000 017294,,-$12.88,"$5,402.16"
05/20/2024,XX7834 POS PURCHASE LEGACY WINE AND LITTLE ROCK AR 04369885 000114,,-$35.70,"$5,366.46"
05/20/2024,XX7834 POS PURCHASE KROGER #623 LITTLE ROCK AR 33982429 082429,,-$60.40,"$5,306.06"
05/21/2024,XX7834 POS PURCHASE WALGREENS STORE LITTLE ROCK AR 99999999 264443,,-$13.57,"$5,292.49"
05/21/2024,XX7834 POS PURCHASE KROGER #623 LITTLE ROCK AR 31160481 060481,,-$68.43,"$5,224.06"
05/21/2024,XX7834 POS PURCHASE LEGACY WINE AND LITTLE ROCK AR 04369885 013043,,-$74.74,"$5,149.32"
05/28/2024,XX7834 POS PURCHASE MURPHY EXPRESS 8 LITTLE ROCK AR 33670601 978987,,-$5.75,"$5,143.57"
05/28/2024,XX7834 POS PURCHASE WALGREENS STORE LITTLE ROCK AR 99999999 315481,,-$5.99,"$5,137.58"
05/28/2024,XX7834 POS PURCHASE Subway 24844 Little Rock AR 75499498 095005,,-$12.19,"$5,125.39"
05/28/2024,XX7834 POS PURCHASE KUM&GO 0139R LIT LITTLE ROCK AR 00000000 047870,,-$16.05,"$5,109.34"
05/28/2024,XX7834 POS PURCHASE KROGER #623 LITTLE ROCK AR 31176933 076933,,-$39.44,"$5,069.90"
05/28/2024,XX7834 POS PURCHASE LEGACY WINE AND LITTLE ROCK AR 04369885 017881,,-$40.16,"$5,029.74"
05/28/2024,XX7834 POS PURCHASE DOMINO'S 9616 501-247-7856 AR 11068243 068243,,-$48.25,"$4,981.49"
05/31/2024,TELCOE FEDERAL C PAYROLL 07572000009410X,,$586.77,"$5,568.26"
05/31/2024,XX7834 POS PURCHASE KROGER #623 LITTLE ROCK AR 32010552 010552,,-$32.86,"$5,535.40"
05/31/2024,XX7834 POS PURCHASE COSTCO LIQUOR #1 LITTLE ROCK AR 99161813 628538,,-$39.06,"$5,496.34"
06/03/2024,XX7834 POS PURCHASE WL *Steam Purcha 425-9522985 WA 00000007 005924,,-$25.00,"$5,471.34"
06/03/2024,XX7834 POS PURCHASE KROGER #623 LITTLE ROCK AR 33085157 085157,,-$53.71,"$5,417.63"
06/03/2024,XX7834 POS PURCHASE KROGER #623 LITTLE ROCK AR 34789757 089757,,-$67.28,"$5,350.35"
06/05/2024,VENMO CASHOUT 1034824228647,,$650.00,"$6,000.35"
06/07/2024,XX7834 POS PURCHASE KUM&GO 0139R LIT LITTLE ROCK AR 00000000 016594,,-$5.42,"$5,994.93"
06/10/2024,ONLINE BANKING TRANSFER FROM x3799 06/08/24,,$60.00,"$6,054.93"
06/10/2024,XX7834 POS PURCHASE JIMS RAZORBACK P LITTLE ROCK AR 03617028 001241,,-$60.40,"$5,994.53"
06/11/2024,XX7834 POS PURCHASE KUM&GO 0139R LIT LITTLE ROCK AR 00000000 040441,,-$5.42,"$5,989.11"
06/13/2024,XX7834 POS PURCHASE KUM&GO 0139R LIT LITTLE ROCK AR 00000000 094975,,-$18.21,"$5,970.90"
06/13/2024,XX7834 POS PURCHASE KROGER #623 LITTLE ROCK AR 31241182 041182,,-$29.34,"$5,941.56"
06/14/2024,TELCOE FEDERAL C PAYROLL 07753000000134X,,$526.42,"$6,467.98"
06/17/2024,XX7834 PURCHASE RETURN Prime Medical Gr Little Rock AR 05607759 042305,,$96.71,"$6,564.69"
06/17/2024,ONLINE BANKING TRANSFER FROM x3799 06/15/24,,$150.00,"$6,714.69"
06/17/2024,XX7834 POS PURCHASE COSTCO GAS #1442 LITTLE ROCK AR 93144213 455250,,-$27.86,"$6,686.83"
06/17/2024,XX7834 POS PURCHASE KROGER #623 LITTLE ROCK AR 32276617 076617,,-$30.95,"$6,655.88"
06/17/2024,XX7834 POS PURCHASE COSTCO WHSE #144 LITTLE ROCK AR 99144213 303156,,-$46.40,"$6,609.48"
06/17/2024,XX7834 POS PURCHASE LEGACY WINE AND LITTLE ROCK AR 04369885 017262,,-$150.64,"$6,458.84"
06/17/2024,CAPITAL ONE CRCARDPMT 3XO245EPY0VWP8I,,-$49.95,"$6,408.89"
06/20/2024,XX7834 POS PURCHASE JERSEY MIKES 460 LITTLE ROCK AR 00008245 030489,,-$13.74,"$6,395.15"
06/20/2024,XX7834 POS PURCHASE HATLEY FAMILY DE LITTLE ROCK AR 07956657 417213002,,-$108.00,"$6,287.15"
06/21/2024,XX7834 POS PURCHASE KROGER #623 LITTLE ROCK AR 31756031 056031,,-$55.95,"$6,231.20"
06/24/2024,ONLINE BANKING TRANSFER FROM x3799 06/23/24,,$108.00,"$6,339.20"
06/24/2024,XX7834 POS PURCHASE JIMMY JOHNS - 15 501-372-1600 AR 77665201 065201,,-$12.59,"$6,326.61"
06/26/2024,XX7834 POS PURCHASE KUM&GO 0139R LIT LITTLE ROCK AR 00000000 000042,,-$9.09,"$6,317.52"
06/28/2024,TELCOE FEDERAL C PAYROLL 07906800031775X,,$526.42,"$6,843.94"
07/01/2024,XX7834 POS PURCHASE AMAZON.COM*RC40R SEATTLE WA 00000000 046528,,-$16.09,"$6,827.85"
07/01/2024,XX7834 POS PURCHASE CHICK-FIL-A #027 501-228-0404 AR 1 066548,,-$16.10,"$6,811.75"
07/01/2024,XX7834 POS PURCHASE AMAZON RET* 114- WWW.AMAZON.CO WA HLDSODZP 009852,,-$26.86,"$6,784.89"
07/01/2024,XX7834 POS PURCHASE CHICK-FIL-A #027 501-228-0404 AR 1 060231,,-$33.77,"$6,751.12"
07/01/2024,XX7834 POS PURCHASE QT 7210 INSIDE NORTH LITTLE AR 00000000 094884,,-$38.84,"$6,712.28"
07/01/2024,XX7834 POS PURCHASE OSCARS LIQUOR NORTH LITTLE AR 75480228 070046,,-$48.91,"$6,663.37"
07/02/2024,XX7834 POS PURCHASE JERSEY MIKES ONL https://prod. NJ 00007671 017229,,-$11.34,"$6,652.03"
07/03/2024,XX7834 POS PURCHASE KUM&GO 0139R LIT LITTLE ROCK AR 00000000 081889,,-$9.09,"$6,642.94"
07/03/2024,XX7834 POS PURCHASE KROGER FUEL #562 LITTLE ROCK AR 99999999 920793,,-$57.63,"$6,585.31"
07/03/2024,XX7834 POS PURCHASE KROGER #623 LITTLE ROCK AR 32753524 053524,,-$142.71,"$6,442.60"
07/05/2024,ONLINE BANKING TRANSFER FROM x3799 07/04/24,,$220.00,"$6,662.60"
07/05/2024,XX7834 POS PURCHASE APPLE.COM/BILL 866-712-7753 CA 00000000 044970,,-$2.99,"$6,659.61"
07/05/2024,XX7834 POS PURCHASE KUM&GO 0139R LIT LITTLE ROCK AR 00000000 059493,,-$18.99,"$6,640.62"
07/08/2024,XX7834 POS PURCHASE AMAZON MKTPL*R79 Amzn.com/bill WA 00000000 097237,,-$47.29,"$6,593.33"
07/10/2024,ONLINE BANKING TRANSFER FROM x3799 07/10/24,,$200.00,"$6,793.33"
07/11/2024,XX7834 POS PURCHASE LOWE'S #236 CONWAY AR 001 419218237068,,-$194.66,"$6,598.67"
07/12/2024,XX7834 POS PURCHASE QT 7210 INSIDE NORTH LITTLE AR 00000000 081341,,-$6.85,"$6,591.82"
07/15/2024,VENMO CASHOUT 1035658786876,,$200.00,"$6,791.82"
07/15/2024,XX7834 POS PURCHASE QT 7210 OUTSIDE NORTH LITTLE AR 001 126879,,-$25.53,"$6,766.29"
07/15/2024,XX7834 POS PURCHASE OSCARS LIQUOR NORTH LITTLE AR 75480227 050100,,-$26.16,"$6,740.13"
07/15/2024,XX7834 POS PURCHASE QT 7210 INSIDE NORTH LITTLE AR 00000000 058496,,-$44.46,"$6,695.67"
07/15/2024,XX7834 POS PURCHASE WM SUPERCENTER # CONWAY AR 25750011 026063,,-$85.01,"$6,610.66"
07/15/2024,XX7834 POS PURCHASE CONWAY CORPORATI 501-548-3051 AR 00000000 055295,,-$202.24,"$6,408.42"
07/16/2024,ONLINE BANKING TRANSFER FROM x3799 07/16/24,,$202.24,"$6,610.66"
07/16/2024,CAPITAL ONE CRCARDPMT 3XUE0M0L9VW6C3M,,-$116.80,"$6,493.86"
07/18/2024,XX7834 POS PURCHASE KUM&GO 0158R CON CONWAY AR 00000000 031264,,-$12.82,"$6,481.04"
07/19/2024,XX7834 POS PURCHASE WM SUPERCENTER # CONWAY AR 25750024 305786,,-$92.93,"$6,388.11"
07/22/2024,XX7834 POS PURCHASE APPLE.COM/BILL 866-712-7753 CA 00000000 053097,,-$4.99,"$6,383.12"
07/22/2024,XX7834 POS PURCHASE AMAZON MKTPL*RJ4 Amzn.com/bill WA 00000000 032438,,-$6.51,"$6,376.61"
07/22/2024,XX7834 POS PURCHASE KUM&GO 0158R CON CONWAY AR 00000000 075501,,-$16.44,"$6,360.17"
07/22/2024,XX7834 POS PURCHASE OSCARS LIQUOR NORTH LITTLE AR 75480228 080017,,-$71.99,"$6,288.18"
07/22/2024,XX7834 POS PURCHASE AMERICAN STRATEG 727-8218765 FL 00000000 072772,,-$130.92,"$6,157.26"
07/23/2024,XX7834 POS PURCHASE CINEMARK THEATRE LITTLE ROCK AR 00000000 033654,,-$13.00,"$6,144.26"
07/23/2024,XX7834 POS PURCHASE KOHLS #0696 LITTLE ROCK AR 09336524 036524,,-$52.14,"$6,092.12"
07/24/2024,XX7834 POS PURCHASE Wal-Mart Super C CONWAY AR 25750010 420677921746,,-$23.86,"$6,068.26"
07/25/2024,XX7834 POS PURCHASE 9249 GREAT CLIPS CONWAY AR 03190321 021711,,-$25.00,"$6,043.26"
07/25/2024,XX7834 POS PURCHASE QT 7210 INSIDE NORTH LITTLE AR 00000000 098459,,-$45.69,"$5,997.57"
07/26/2024,XX7834 POS PURCHASE DOMINO'S 5319 501-831-5692 AR 29621245 021245,,-$22.12,"$5,975.45"
07/26/2024,XX7834 POS PURCHASE West End Cigars Conway AR 00010001 108900,,-$38.05,"$5,937.40"
07/29/2024,XX7834 POS PURCHASE JIMMY JOHNS - 20 CONWAY AR 00000000 074829,,-$9.18,"$5,928.22"
07/29/2024,XX7834 POS PURCHASE DOLLAR-GENERAL # CONWAY AR 30273003 460405,,-$10.17,"$5,918.05"
07/29/2024,XX7834 POS PURCHASE PANERA BREAD #60 LITTLE ROCK AR 00000000 048975,,-$18.22,"$5,899.83"
07/29/2024,XX7834 POS PURCHASE KUM&GO 0158R CON CONWAY AR 00000000 059491,,-$22.86,"$5,876.97"
07/29/2024,XX7834 POS PURCHASE LOWE'S #236 CONWAY AR 001 420918559387,,-$27.17,"$5,849.80"
07/29/2024,XX7834 POS PURCHASE KUM&GO 0158R CON CONWAY AR 00000000 059714,,-$28.75,"$5,821.05"
07/29/2024,XX7834 POS PURCHASE WM SUPERCENTER # CONWAY AR 25750022 633619,,-$53.80,"$5,767.25"
07/29/2024,XX7834 POS PURCHASE LOWE'S #236 CONWAY AR 001 420916092727,,-$113.08,"$5,654.17"
07/30/2024,XX7834 POS PURCHASE WAL-MART #2575 CONWAY AR 24257501 100781,,-$191.14,"$5,463.03"
07/31/2024,XX7834 POS PURCHASE KUM&GO 0158R CON CONWAY AR 00000000 085251,,-$10.49,"$5,452.54"
08/01/2024,Stripe ZG Rent ACCTVERIFY ST-I8V0D4Z8D1B4,,$0.18,"$5,452.72"
08/01/2024,Stripe ZG Rent ACCTVERIFY ST-Q9A4U4F2Z2Q5,,$0.26,"$5,452.98"
08/01/2024,ONLINE BANKING TRANSFER FROM x3799 08/01/24,,$650.00,"$6,102.98"
08/01/2024,ONLINE BANKING TRANSFER FROM x3799 08/01/24,,$700.00,"$6,802.98"
08/01/2024,XX7834 POS PURCHASE KUM&GO 0158R CON CONWAY AR 00000000 082997,,-$12.82,"$6,790.16"
08/01/2024,XX7834 POS PURCHASE LAKE LIQUOR MAUMELLE AR 96698138 990452,,-$98.70,"$6,691.46"
08/01/2024,Stripe ZG Rental ACCTVERIFY ST-P0X6D3V1M8A3,,-$0.44,"$6,691.02"
08/01/2024,Stripe ZG Rental ZG -- Rent ST-H6W2H5Q4W7B5,,"-$1,700.00","$4,991.02"
08/05/2024,XX7834 POS PURCHASE WAL-MART #2575 CONWAY AR 24257501 258052,,-$11.08,"$4,979.94"
08/05/2024,XX7834 POS PURCHASE KUM&GO 0158R CON CONWAY AR 00000000 057139,,-$12.82,"$4,967.12"
08/05/2024,XX7834 POS PURCHASE WM SUPERCENTER # CONWAY AR 25750015 295657,,-$41.60,"$4,925.52"
08/05/2024,XX7834 POS PURCHASE KOHLS #0698 CONWAY AR 13204452 004452,,-$74.24,"$4,851.28"
08/06/2024,XX7834 MT DDA CREDIT CASH APP*RYAN MC San Francisco CA 00000000 062360,,"$1,155.00","$6,006.28"
08/07/2024,XX7834 MT DDA DEBIT CASH APP*EVAN PA 800-9691940 CA 00000000 018005,,-$32.00,"$5,974.28"
08/12/2024,XX7834 POS PURCHASE APPLE.COM/BILL 866-712-7753 CA 00000000 042076,,-$6.99,"$5,967.29"
08/12/2024,XX7834 POS PURCHASE TST*STOBYS CONWA 501-327-5447 AR 00000000 073802,,-$10.45,"$5,956.84"
08/12/2024,XX7834 POS PURCHASE CIRCLE K #274179 LITTLE ROCK AR 97851102 849610,,-$12.62,"$5,944.22"
08/12/2024,XX7834 POS PURCHASE POPEYES #11657 CONWAY AR 00004432 023226,,-$13.06,"$5,931.16"
08/12/2024,XX7834 POS PURCHASE LOWE'S #3331 LITTLE ROCK AR 001 422219507380,,-$15.19,"$5,915.97"
08/12/2024,XX7834 POS PURCHASE Wal-Mart Super C CONWAY AR 25750008 422465212374,,-$20.53,"$5,895.44"
08/12/2024,XX7834 POS PURCHASE LAKE LIQUOR MAUMELLE AR 96746061 973527,,-$117.97,"$5,777.47"
08/14/2024,XX7834 POS PURCHASE KUM&GO 0158R CON CONWAY AR 00000000 040509,,-$12.82,"$5,764.65"
08/14/2024,XX7834 POS PURCHASE HONDA WORLD CONWAY AR RVIC9508 019885,,-$66.28,"$5,698.37"
08/15/2024,XX7834 POS PURCHASE 9249 GREAT CLIPS CONWAY AR 03190330 010566,,-$23.00,"$5,675.37"
08/15/2024,XX7834 POS PURCHASE Wal-Mart Super C CONWAY AR 25750022 422774150611,,-$30.10,"$5,645.27"
08/15/2024,CAPITAL ONE CRCARDPMT 3Y0XI2XUTCP6E9U,,-$436.83,"$5,208.44"
08/16/2024,XX7834 POS PURCHASE BUFFALO WILD ECO 501-205-1940 AR 00000000 001214,,-$22.13,"$5,186.31"
08/16/2024,XX7834 POS PURCHASE AMAZON MKTPL*RU5 Amzn.com/bill WA 00000000 057216,,-$31.53,"$5,154.78"
08/19/2024,XX7834 POS PURCHASE APPLE.COM/BILL 866-712-7753 CA 00000000 027440,,-$5.36,"$5,149.42"
08/19/2024,XX7834 POS PURCHASE KUM&GO 0158R CON CONWAY AR 00000000 011711,,-$12.82,"$5,136.60"
08/19/2024,XX7834 POS PURCHASE KUM&GO 0158R CON CONWAY AR 00000000 013803,,-$27.93,"$5,108.67"
08/19/2024,XX7834 POS PURCHASE KUM&GO 0158R CON CONWAY AR 00000000 015949,,-$30.05,"$5,078.62"
08/19/2024,XX7834 POS PURCHASE SWEET 7 FAYETTEVILLE AR 00712024 050560,,-$45.61,"$5,033.01"
08/19/2024,XX7834 MT DDA DEBIT CASH APP*CLAUDIA 800-9691940 CA 00000000 060505,,-$140.00,"$4,893.01"
08/21/2024,XX7834 POS PURCHASE LAKE LIQUOR MAUMELLE AR 96746061 611808,,-$71.52,"$4,821.49"
08/22/2024,XX7834 POS PURCHASE AMAZON MKTPL*R45 Amzn.com/bill WA 00000000 036190,,-$20.65,"$4,800.84"
08/22/2024,XX7834 POS PURCHASE WM SUPERCENTER # CONWAY AR 25750016 226884,,-$50.51,"$4,750.33"
08/23/2024,XX7834 POS PURCHASE WM SUPERCENTER # CONWAY AR 25750027 551955,,-$21.54,"$4,728.79"
08/26/2024,ATM DEPOSIT,,$500.00,"$5,228.79"
08/26/2024,XX7834 POS PURCHASE KUM&GO 0158R CON CONWAY AR 00000000 012973,,-$12.82,"$5,215.97"
08/26/2024,XX7834 POS PURCHASE ZAXBY'S #63007 CONWAY AR 00000000 083379,,-$13.70,"$5,202.27"
08/26/2024,XX7834 POS PURCHASE West End Cigars Conway AR 00010001 468140,,-$18.97,"$5,183.30"
08/26/2024,XX7834 POS PURCHASE LEGACY WINE AND LITTLE ROCK AR 04369889 017170,,-$23.00,"$5,160.30"
08/26/2024,XX7834 POS PURCHASE CONWAY CORPORATI 501-548-3051 AR 00000000 072961,,-$302.34,"$4,857.96"
08/28/2024,XX7834 POS PURCHASE Store 855-8254275 AR 00000000 028303,,-$7.74,"$4,850.22"
08/28/2024,XX7834 POS PURCHASE LAKE LIQUOR MAUMELLE AR 96746061 647192,,-$69.45,"$4,780.77"
09/03/2024,ONLINE BANKING TRANSFER FROM x3799 09/01/24,,"$1,350.00","$6,130.77"
09/03/2024,XX7834 POS PURCHASE KUM&GO 0139R LIT LITTLE ROCK AR 00000000 094868,,-$6.40,"$6,124.37"
09/03/2024,XX7834 POS PURCHASE Store 855-8254275 AR 00000000 075903,,-$7.74,"$6,116.63"
09/03/2024,XX7834 POS PURCHASE SONIC DRIVE IN # 501-730-0202 AR 3542002 038385,,-$11.05,"$6,105.58"
09/03/2024,XX7834 POS PURCHASE KUM&GO 0158R CON CONWAY AR 00000000 053900,,-$12.82,"$6,092.76"
09/03/2024,XX7834 ATM WITHDRAWAL BANK OZK CONWAY AR AR000175 009343,,-$60.00,"$6,032.76"
09/03/2024,Stripe ZG Rental ZG -- Rent ST-R9D4P3H3P5G9,,"-$1,700.00","$4,332.76"
09/06/2024,XX7834 POS PURCHASE STEAMGAMES.COM 4 425-8899642 WA 00000000 002704,,-$25.00,"$4,307.76"
09/09/2024,XX7834 POS PURCHASE DD *DOORDASH STO 855-973-1040 CA 00000000 087199,,-$10.06,"$4,297.70"
09/09/2024,XX7834 POS PURCHASE KUM&GO 0158R CON CONWAY AR 00000000 054053,,-$13.46,"$4,284.24"
09/09/2024,XX7834 POS PURCHASE DOMINO'S 5319 501-831-5692 AR 43535959 035959,,-$15.49,"$4,268.75"
09/09/2024,XX7834 POS PURCHASE SONIC DRIVE IN # 501-730-0202 AR 3542002 066064,,-$15.82,"$4,252.93"
09/09/2024,XX7834 POS PURCHASE LAKE LIQUOR MAUMELLE AR 96698137 322762,,-$45.48,"$4,207.45"
09/09/2024,XX7834 POS PURCHASE Wal-Mart Super C CONWAY AR 25750023 425311000068,,-$61.69,"$4,145.76"
09/10/2024,XX7834 POS PURCHASE KUM&GO 0158R CON CONWAY AR 00000000 032532,,-$13.46,"$4,132.30"
09/11/2024,VENMO CASHOUT 1036836451234,,$58.42,"$4,190.72"
09/11/2024,XX7834 POS PURCHASE CONWAY CORPORATI 501-548-3051 AR 00000000 090506,,-$302.10,"$3,888.62"
09/16/2024,CONSUMER MOBILE DEPOSIT,,"$2,500.00","$6,388.62"
09/16/2024,XX7834 POS PURCHASE SONIC DRIVE IN # 999-999-9999 AR 1168002 011805,,-$12.00,"$6,376.62"
09/16/2024,XX7834 POS PURCHASE LEGACY WINE AND LITTLE ROCK AR 04369885 002363,,-$23.42,"$6,353.20"
09/16/2024,XX7834 POS PURCHASE KROGER FUEL #562 LITTLE ROCK AR 80562324 124986,,-$25.85,"$6,327.35"
09/16/2024,XX7834 POS PURCHASE TODDY TOBACCO & LITTLE ROCK AR 03500148 009353,,-$32.10,"$6,295.25"
09/16/2024,XX7834 POS PURCHASE KROGER #623 LITTLE ROCK AR 32343136 043136,,-$74.98,"$6,220.27"
09/16/2024,CAPITAL ONE CRCARDPMT 3Y7H2L8WB0YVPVM,,-$18.81,"$6,201.46"
09/17/2024,XX7834 POS PURCHASE ARA UCA MAIN CONWAY AR 00115502 077112,,-$3.31,"$6,198.15"
09/17/2024,XX7834 POS PURCHASE Wal-Mart Super C CONWAY AR 25750013 426045442943,,-$32.04,"$6,166.11"
09/18/2024,XX7834 POS PURCHASE KUM&GO 0158R CON CONWAY AR 00000000 098503,,-$6.73,"$6,159.38"
09/19/2024,ONLINE BANKING TRANSFER TO x3799 09/19/24,,"-$2,000.00","$4,159.38"
09/19/2024,XX7834 POS PURCHASE SONIC DRIVE IN # 501-730-0202 AR 3542002 052337,,-$7.18,"$4,152.20"
09/19/2024,XX7834 POS PURCHASE ZAXBY'S #63007 512-758-7634 AR 00000000 039564,,-$19.98,"$4,132.22"
09/20/2024,XX7834 POS PURCHASE Store Conway AR 75135609 053402,,-$6.09,"$4,126.13"
09/20/2024,XX7834 POS PURCHASE Store Conway AR 00000000 086902,,-$7.74,"$4,118.39"
09/20/2024,XX7834 POS PURCHASE KUM&GO 0158R CON CONWAY AR 00000000 091895,,-$8.24,"$4,110.15"
09/23/2024,XX7834 POS PURCHASE KUM&GO 0139R LIT LITTLE ROCK AR 00000000 058706,,-$11.92,"$4,098.23"
09/23/2024,XX7834 POS PURCHASE DAVIDS BURGERS B LITTLE ROCK AR 00001336 088745,,-$14.58,"$4,083.65"
09/23/2024,XX7834 POS PURCHASE KROGER #623 LITTLE ROCK AR 28675137 075137,,-$67.64,"$4,016.01"
09/24/2024,ATM DEPOSIT,,$600.00,"$4,616.01"
09/24/2024,XX7834 POS PURCHASE WINGSTOP 320 224-402-1847 AR 320 001 025631,,-$18.88,"$4,597.13"
09/24/2024,XX7834 POS PURCHASE AMAZON MKTPL*MX4 Amzn.com/bill WA 00000000 053009,,-$39.11,"$4,558.02"
09/26/2024,XX8226 POS PURCHASE SONIC DRIVE IN # 501-730-0202 AR 3542002 029720,,-$4.41,"$4,553.61"
09/26/2024,XX8226 POS PURCHASE KUM&GO 0158R CON CONWAY AR 00000000 038680,,-$13.46,"$4,540.15"
09/26/2024,XX8226 POS PURCHASE 9245 GREAT CLIPS CONWAY AR 03189094 016623,,-$24.99,"$4,515.16"
09/26/2024,XX8226 POS PURCHASE LAKE LIQUOR MAUMELLE AR 96698138 657297,,-$40.17,"$4,474.99"
09/27/2024,XX8226 POS PURCHASE SONIC DRIVE IN # 501-730-0202 AR 3542002 092653,,-$4.41,"$4,470.58"
09/27/2024,XX8226 POS PURCHASE WAL-MART #2575 CONWAY AR 24257501 411601,,-$18.98,"$4,451.60"
09/30/2024,Cash App * Cash App T3F0MFW0T0F6JQ0,,$726.00,"$5,177.60"
09/30/2024,XX8226 POS PURCHASE SONIC DRIVE IN # 501-730-0202 AR 3542002 069147,,-$7.73,"$5,169.87"
09/30/2024,XX8226 POS PURCHASE MURPHY EXPRESS 8 LITTLE ROCK AR 22231801 528061,,-$17.19,"$5,152.68"
09/30/2024,XX8226 POS PURCHASE KROGER #623 LITTLE ROCK AR 28599022 099022,,-$50.41,"$5,102.27"
10/01/2024,ONLINE BANKING TRANSFER FROM x3799 10/01/24,,"$1,350.00","$6,452.27"
10/01/2024,Stripe ZG Rental ZG -- Rent ST-A9D8S7X6V3X4,,"-$1,700.00","$4,752.27"
10/02/2024,CONSUMER MOBILE DEPOSIT,,"$5,153.11","$9,905.38"
10/02/2024,XX8226 POS PURCHASE ARA UCA MAIN CONWAY AR 00115502 071384,,-$3.31,"$9,902.07"
10/02/2024,XX8226 POS PURCHASE SONIC DRIVE IN # 501-730-0202 AR 3542002 031319,,-$4.41,"$9,897.66"
10/02/2024,XX8226 POS PURCHASE KUM&GO 0158R CON CONWAY AR 00000000 032378,,-$13.46,"$9,884.20"
10/03/2024,XX8226 POS PURCHASE SONIC DRIVE IN # 501-730-0202 AR 3542002 025422,,-$5.49,"$9,878.71"
10/03/2024,XX8226 POS PURCHASE Wal-Mart Super C CONWAY AR 25750007 427706122316,,-$23.04,"$9,855.67"
10/07/2024,XX8226 POS PURCHASE THE I40 TRAVEL C OZARK AR 96940301 354399,,-$9.91,"$9,845.76"
10/07/2024,XX8226 POS PURCHASE 2LEVY@RAZOR FAYETTEVILLE AR 00000000 026419,,-$10.61,"$9,835.15"
10/07/2024,XX8226 POS PURCHASE 2LEVY@RAZOR FAYETTEVILLE AR 00000000 029624,,-$16.18,"$9,818.97"
10/07/2024,XX8226 POS PURCHASE CASEYS #3895 156 SPRINGDALE AR 99999999 447737,,-$22.65,"$9,796.32"
10/07/2024,XX8226 POS PURCHASE JIMMY JOHNS - 8 SPRINGDALE AR 00000000 015939,,-$28.96,"$9,767.36"
10/07/2024,XX8226 POS PURCHASE WAL-MART #0054 SPRINGDALE AR 24005401 779054,,-$49.35,"$9,718.01"
10/08/2024,XX8226 POS PURCHASE KUM&GO 0158R CON CONWAY AR 00000000 044066,,-$10.30,"$9,707.71"
10/08/2024,XX8226 POS PURCHASE ZAXBY'S #38802 SPRINGDALE AR 00000000 068957,,-$16.99,"$9,690.72"
10/08/2024,XX8226 POS PURCHASE CASEYS #3895 SPRINGDALE AR 28994124 094124,,-$19.74,"$9,670.98"
10/09/2024,XX8226 POS PURCHASE SONIC DRIVE IN # 501-730-0202 AR 3542002 001171,,-$6.61,"$9,664.37"
10/09/2024,XX8226 POS PURCHASE LEVY@ 2 RAZOR FAYETTEVILLE AR 78544436 012776,,-$7.81,"$9,656.56"
10/09/2024,XX8226 POS PURCHASE LEVY@ 2 RAZOR FAYETTEVILLE AR 78544436 073472,,-$17.99,"$9,638.57"
10/10/2024,XX8226 POS PURCHASE WAL-MART #2575 CONWAY AR 24257501 358420,,-$23.93,"$9,614.64"
10/10/2024,XX8226 POS PURCHASE CONWAY CORPORATI 501-548-3051 AR 00000000 036846,,-$250.83,"$9,363.81"
10/11/2024,XX8226 POS PURCHASE West End Cigars Conway AR 00010001 885522,,-$12.15,"$9,351.66"
10/11/2024,XX8226 POS PURCHASE BUFFALO WILD WNG CONWAY AR 05131159 033150,,-$14.39,"$9,337.27"
10/15/2024,XX8226 POS PURCHASE KUM&GO 0139R LIT LITTLE ROCK AR 00000000 073290,,-$6.72,"$9,330.55"
10/15/2024,XX8226 POS PURCHASE KUM&GO 0158R CON CONWAY AR 00000000 043010,,-$6.73,"$9,323.82"
10/15/2024,XX8226 POS PURCHASE KROGER FUEL #562 LITTLE ROCK AR 80562324 124092,,-$20.88,"$9,302.94"
10/15/2024,XX8226 POS PURCHASE WM SUPERCENTER # CONWAY AR 25750007 473596,,-$41.91,"$9,261.03"
10/15/2024,XX8226 POS PURCHASE LAKE LIQUOR MAUMELLE AR 96746061 120900,,-$66.53,"$9,194.50"
10/15/2024,CAPITAL ONE CRCARDPMT 3YDSVO0U1A1PEIQ,,-$404.91,"$8,789.59"
10/16/2024,XX8226 POS PURCHASE CVS/PHARMACY #10 CONWAY AR 00000000 046016,,-$9.55,"$8,780.04"
10/17/2024,XX8226 POS PURCHASE SONIC DRIVE IN # 501-730-0202 AR 3542002 014541,,-$2.20,"$8,777.84"
10/17/2024,XX8226 POS PURCHASE KUM&GO 0158R CON CONWAY AR 00000000 075522,,-$6.73,"$8,771.11"
10/17/2024,XX8226 POS PURCHASE CHICK-FIL-A #032 501-505-8645 AR 1 011730,,-$15.66,"$8,755.45"
10/17/2024,XX8226 POS PURCHASE CAR WASH USA #03 CONWAY AR 00000000 034007,,-$27.00,"$8,728.45"
10/18/2024,XX8226 ATM WITHDRAWAL GL BRANSON 4 BRANSON MO DNSA0167 060200007042,,-$80.00,"$8,648.45"
10/18/2024,FEE FOR ATM WITHDRAWAL GL BRANSON 4 BRANSON MO DNSA0167 060200007042,,-$2.50,"$8,645.95"
10/18/2024,ATM SURCHARGE XX8226 ATM WITHDRAWAL GL BRANSON 4 BRANSON MO DNSA0167 0602000070,,-$3.00,"$8,642.95"
10/23/2024,XX8226 POS PURCHASE SONIC DRIVE IN # 501-730-0202 AR 3542002 092625,,-$15.13,"$8,627.82"
10/23/2024,XX8226 POS PURCHASE LAKE LIQUOR MAUMELLE AR 96746061 667617,,-$50.67,"$8,577.15"
10/24/2024,XX8226 POS PURCHASE KUM&GO 0158R CON CONWAY AR 00000000 044505,,-$9.11,"$8,568.04"
10/24/2024,XX8226 POS PURCHASE CHICK-FIL-A #032 501-505-8645 AR 1 034447,,-$10.36,"$8,557.68"
10/28/2024,XX8226 POS PURCHASE KUM&GO 0158R CON CONWAY AR 00000000 049695,,-$6.73,"$8,550.95"
10/28/2024,XX8226 POS PURCHASE WAL-MART #2575 CONWAY AR 24257501 591494,,-$17.25,"$8,533.70"
10/28/2024,XX8226 POS PURCHASE LEGACY WINE AND LITTLE ROCK AR 04369889 002930,,-$22.45,"$8,511.25"
10/28/2024,XX8226 POS PURCHASE WAL-MART #2575 CONWAY AR 24257501 554148,,-$87.72,"$8,423.53"
10/31/2024,XX8226 POS PURCHASE West End Cigars Conway AR 00010001 088312,,-$31.99,"$8,391.54"
11/01/2024,ONLINE BANKING TRANSFER FROM x3799 11/01/24,,"$1,350.00","$9,741.54"
11/01/2024,XX8226 POS PURCHASE KUM&GO 0158R CON CONWAY AR 00000000 092749,,-$9.11,"$9,732.43"
11/01/2024,XX8226 POS PURCHASE LAKE LIQUOR MAUMELLE AR 96698138 357823,,-$12.14,"$9,720.29"
11/01/2024,XX8226 POS PURCHASE KUM&GO 0158R CON CONWAY AR 00000000 092991,,-$12.88,"$9,707.41"
11/01/2024,XX8226 POS PURCHASE BEAR'S DEN PIZZA CONWAY AR V5227171 030123,,-$30.65,"$9,676.76"
11/01/2024,Stripe ZG Rental ZG -- Rent ST-C3U9E0P2T1Y8,,"-$1,700.00","$7,976.76"
11/04/2024,XX8226 POS PURCHASE KUM&GO 0158R CON CONWAY AR 00000000 071020,,-$5.13,"$7,971.63"
11/04/2024,XX8226 POS PURCHASE KUM&GO 0158R CON CONWAY AR 00000000 070962,,-$9.11,"$7,962.52"
11/04/2024,XX8226 POS PURCHASE TST*STOBYS CONWA 501-327-5447 AR 00000000 068563,,-$9.13,"$7,953.39"
11/04/2024,XX8226 POS PURCHASE SONIC DRIVE IN # 501-730-0202 AR 3542002 064143,,-$9.38,"$7,944.01"
11/04/2024,XX8226 POS PURCHASE SONIC DRIVE IN # 501-730-0202 AR 3542002 064687,,-$10.72,"$7,933.29"
11/04/2024,XX8226 POS PURCHASE CHICK-FIL-A #032 501-505-8645 AR 1 061915,,-$15.66,"$7,917.63"
11/04/2024,XX8226 POS PURCHASE SONIC DRIVE IN # 501-730-0202 AR 3542002 064144,,-$21.39,"$7,896.24"
11/05/2024,Cash App * Cash App T3G6YTY431JVCVP,,$676.61,"$8,572.85"
11/05/2024,XX8226 POS PURCHASE ANDY'S - CONWAY CONWAY AR 00001107 092060,,-$7.77,"$8,565.08"
11/05/2024,XX8226 POS PURCHASE KUM&GO 0158R CON CONWAY AR 00000000 054903,,-$11.75,"$8,553.33"
11/05/2024,XX8226 POS PURCHASE KUM&GO 0158R CON CONWAY AR 00000000 054757,,-$12.88,"$8,540.45"
11/05/2024,XX8226 POS PURCHASE ZAXBY'S #63007 CONWAY AR 00000000 076741,,-$16.30,"$8,524.15"
11/05/2024,XX8226 POS PURCHASE WM SUPERCENTER # CONWAY AR 25750005 595943,,-$180.41,"$8,343.74"
11/07/2024,XX8226 POS PURCHASE KUM&GO 0158R CON CONWAY AR 00000000 051438,,-$9.11,"$8,334.63"
11/07/2024,XX8226 POS PURCHASE LAKE LIQUOR MAUMELLE AR 96698138 509816,,-$85.40,"$8,249.23"
11/12/2024,ONLINE BANKING TRANSFER FROM x3799 11/10/24,,$45.00,"$8,294.23"
11/12/2024,ONLINE BANKING TRANSFER TO x5111 11/10/24,,-$10.00,"$8,284.23"
11/12/2024,XX8226 POS PURCHASE MURPHY EXPRESS 8 LITTLE ROCK AR 22231801 509205,,-$8.60,"$8,275.63"
11/12/2024,XX8226 POS PURCHASE KUM&GO 0158R CON CONWAY AR 00000000 076643,,-$19.61,"$8,256.02"
11/12/2024,XX8226 POS PURCHASE KROGER FUEL #562 LITTLE ROCK AR 80562316 116444,,-$22.32,"$8,233.70"
11/12/2024,XX8226 POS PURCHASE KROGER #623 LITTLE ROCK AR 29317515 017515,,-$40.63,"$8,193.07"
11/12/2024,XX8226 POS PURCHASE AMAZON MKTPL*HB6 Amzn.com/bill WA 00000000 022222,,-$48.93,"$8,144.14"
11/12/2024,XX8226 POS PURCHASE Wal-Mart Super C CONWAY AR 25750010 431615001437,,-$51.74,"$8,092.40"
11/12/2024,XX8226 POS PURCHASE CONWAY CORPORATI 501-548-3051 AR 00000000 097903,,-$261.30,"$7,831.10"
11/13/2024,XX8226 POS PURCHASE ARA UCA MAIN CONWAY AR 00115502 077727,,-$3.31,"$7,827.79"
11/14/2024,XX8226 POS PURCHASE SONIC DRIVE IN # 501-730-0202 AR 3542002 011296,,-$4.41,"$7,823.38"
11/15/2024,XX8226 POS PURCHASE SONIC DRIVE IN # 501-730-0202 AR 3542002 018956,,-$4.41,"$7,818.97"
11/15/2024,XX8226 POS PURCHASE KUM&GO 0158R CON CONWAY AR 00000000 005677,,-$9.11,"$7,809.86"
11/15/2024,CAPITAL ONE CRCARDPMT 3YKCGD2Q1JQNG02,,-$182.44,"$7,627.42"
11/18/2024,ATM DEPOSIT,,$11.00,"$7,638.42"
11/18/2024,ATM DEPOSIT,,"$1,014.00","$8,652.42"
11/18/2024,XX8226 POS PURCHASE Mr. Smoke (Conwa Conway AR 00010001 010624,,-$6.57,"$8,645.85"
11/18/2024,XX8226 POS PURCHASE DAIRY QUEEN #459 LITTLE ROCK AR 00008632 041299,,-$7.18,"$8,638.67"
11/18/2024,XX8226 POS PURCHASE SONIC DRIVE IN # 501-730-0202 AR 3542002 077181,,-$10.05,"$8,628.62"
11/18/2024,XX8226 POS PURCHASE LEGACY WINE AND LITTLE ROCK AR 04369889 001570,,-$27.36,"$8,601.26"
11/18/2024,XX8226 POS PURCHASE KROGER #623 LITTLE ROCK AR 33239226 039226,,-$54.03,"$8,547.23"
11/18/2024,XX8226 POS PURCHASE Wal-Mart Super C CONWAY AR 25750017 432331000859,,-$143.24,"$8,403.99"
11/19/2024,Cash App * Cash App T3690V1D6H5KS7Y,,$731.50,"$9,135.49"
11/19/2024,XX8226 POS PURCHASE KUM&GO 0158R CON CONWAY AR 00000000 012231,,-$19.61,"$9,115.88"
11/21/2024,XX8226 POS PURCHASE KUM&GO 0158R CON CONWAY AR 00000000 099853,,-$10.50,"$9,105.38"
11/22/2024,XX8226 POS PURCHASE SONIC DRIVE IN # 501-730-0202 AR 3542002 086864,,-$8.05,"$9,097.33"
11/25/2024,XX8226 POS PURCHASE West End Cigars Conway AR 00010001 583188,,-$2.51,"$9,094.82"
11/25/2024,XX8226 POS PURCHASE CIRCLE K # 09989 SHERIDAN AR 101 676174,,-$7.56,"$9,087.26"
11/25/2024,XX8226 POS PURCHASE SONIC DRIVE IN # 501-730-0202 AR 3542002 006445,,-$9.31,"$9,077.95"
11/25/2024,XX8226 POS PURCHASE KUM&GO 0158R CON CONWAY AR 00000000 066034,,-$10.84,"$9,067.11"
11/25/2024,XX8226 POS PURCHASE KUM&GO 0158R CON CONWAY AR 00000000 025963,,-$13.46,"$9,053.65"
11/25/2024,XX8226 POS PURCHASE SONIC DRIVE IN # 501-730-0202 AR 3542002 097080,,-$13.93,"$9,039.72"
11/25/2024,XX8226 POS PURCHASE CIRCLE K # 09989 SHERIDAN AR 102 622066,,-$22.72,"$9,017.00"
11/26/2024,XX8226 POS PURCHASE KUM&GO 0158R CON CONWAY AR 00000000 089594,,-$12.27,"$9,004.73"
11/26/2024,XX8226 POS PURCHASE AMAZON MKTPL*EK7 Amzn.com/bill WA 00000000 035537,,-$25.79,"$8,978.94"
11/26/2024,XX8226 POS PURCHASE LAKE LIQUOR MAUMELLE AR 96746061 216084,,-$34.24,"$8,944.70"
11/29/2024,XX8226 POS PURCHASE SONIC DRIVE IN # 501-730-0202 AR 3542002 065691,,-$6.00,"$8,938.70"
12/02/2024,ONLINE BANKING TRANSFER FROM x3799 12/01/24,,"$1,350.00","$10,288.70"
12/02/2024,XX8226 POS PURCHASE KUM&GO 0158R CON CONWAY AR 00000000 014050,,-$12.82,"$10,275.88"
12/02/2024,XX8226 POS PURCHASE LOWE'S #236 CONWAY AR 001 433618669297,,-$41.28,"$10,234.60"
12/02/2024,XX8226 POS PURCHASE WAL-MART #2575 CONWAY AR 24257501 213134,,-$81.33,"$10,153.27"
12/02/2024,Stripe ZG Rental ZG -- Rent ST-I9T6T1J1B5R4,,"-$1,700.00","$8,453.27"
12/03/2024,XX8226 POS PURCHASE WM SUPERCENTER # CONWAY AR 25750009 760668,,-$75.00,"$8,378.27"
12/04/2024,XX8226 POS PURCHASE 9245 GREAT CLIPS CONWAY AR 03189094 017797,,-$26.00,"$8,352.27"
12/05/2024,XX8226 POS PURCHASE WM SUPERCENTER # CONWAY AR 25750009 828803,,-$36.48,"$8,315.79"
12/06/2024,XX8226 POS PURCHASE LAKE LIQUOR MAUMELLE AR 96698138 470825,,-$35.99,"$8,279.80"
12/09/2024,XX8226 POS PURCHASE SONIC DRIVE IN # 501-730-0202 AR 3542002 025244,,-$8.83,"$8,270.97"
12/09/2024,XX8226 POS PURCHASE DAVID'S BURGERS CONWAY AR 00002439 041281,,-$16.03,"$8,254.94"
12/09/2024,XX8226 POS PURCHASE WM SUPERCENTER # CONWAY AR 25750008 380731,,-$20.52,"$8,234.42"
12/09/2024,XX8226 POS PURCHASE LAKE LIQUOR MAUMELLE AR 96698138 468923,,-$29.82,"$8,204.60"
12/10/2024,XX8226 POS PURCHASE SONIC DRIVE IN # 501-730-0202 AR 3542002 097167,,-$6.61,"$8,197.99"
12/11/2024,XX8226 POS PURCHASE Wal-Mart Super C CONWAY AR 25750009 434507621969,,-$12.55,"$8,185.44"
12/11/2024,XX8226 ATM WITHDRAWAL BANK OZK CONWAY AR AR000175 003064,,-$200.00,"$7,985.44"
12/11/2024,XX8226 POS PURCHASE CONWAY CORPORATI 501-548-3051 AR 00000000 085026,,-$398.26,"$7,587.18"
12/12/2024,Cash App * Cash App T3X0PZ09R2DDQDG,,$834.75,"$8,421.93"
12/12/2024,XX8226 POS PURCHASE KUM&GO 0158R CON CONWAY AR 00000000 079849,,-$20.95,"$8,400.98"
12/12/2024,XX8226 POS PURCHASE WM SUPERCENTER # CONWAY AR 25750023 122072,,-$37.83,"$8,363.15"
12/12/2024,Cash App Ryan McKin T37SNVDYSRJGDH5,,-$10.00,"$8,353.15"
12/13/2024,XX8226 POS PURCHASE SONIC DRIVE IN # 501-730-0202 AR 3542002 081043,,-$17.50,"$8,335.65"
12/16/2024,ATM DEPOSIT,,$500.00,"$8,835.65"
12/16/2024,XX8226 POS PURCHASE SINGH TRAVEL PLA SALINA KS 002V3755 435091707343,,-$1.93,"$8,833.72"
12/16/2024,XX8226 POS PURCHASE SONIC DRIVE IN # 999-999-9999 AR 1168002 098224,,-$4.42,"$8,829.30"
12/16/2024,XX8226 POS PURCHASE SONIC DRIVE IN # 501-730-0202 AR 3542002 001657,,-$7.99,"$8,821.31"
12/16/2024,XX8226 POS PURCHASE JERSEY MIKES ONL https://prod. NJ 00007671 021966,,-$13.67,"$8,807.64"
12/16/2024,XX8226 POS PURCHASE KROGER FUEL #562 LITTLE ROCK AR 80562319 119761,,-$21.27,"$8,786.37"
12/16/2024,XX8226 POS PURCHASE KUM&GO 0158R CON CONWAY AR 00000000 066474,,-$28.37,"$8,758.00"
12/16/2024,CAPITAL ONE CRCARDPMT 3YQOG63DKII2SHU,,-$57.83,"$8,700.17"
12/19/2024,XX8226 POS PURCHASE SPRUCE SADDLE RE BEAVER CREEK CO 00000000 016661,,-$16.85,"$8,683.32"
12/19/2024,XX8226 POS PURCHASE SPRUCE SADDLE RE BEAVER CREEK CO 00000000 016679,,-$28.03,"$8,655.29"
12/23/2024,XX8226 POS PURCHASE LOVE'S #0213 INS TONKAWA OK 00000000 056113,,-$7.09,"$8,648.20"
12/23/2024,XX8226 POS PURCHASE VAIL - MAMIES AVON CO 00000000 010889,,-$132.20,"$8,516.00"
12/24/2024,XX8226 POS PURCHASE SONIC DRIVE IN # 999-999-9999 AR 1168002 087047,,-$10.16,"$8,505.84"
12/24/2024,XX8226 POS PURCHASE KUM&GO 0139R LIT LITTLE ROCK AR 00000000 077629,,-$12.80,"$8,493.04"
12/24/2024,XX8226 POS PURCHASE LEGACY WINE AND LITTLE ROCK AR 04369885 001250,,-$14.23,"$8,478.81"
12/26/2024,XX8226 POS PURCHASE LAKE LIQUOR MAUMELLE AR 96698138 339563,,-$52.86,"$8,425.95"
12/26/2024,XX8226 POS PURCHASE WM SUPERCENTER # CONWAY AR 25750013 583408,,-$122.12,"$8,303.83"
12/27/2024,XX8226 POS PURCHASE APPLE.COM/BILL 866-712-7753 CA 00000000 059061,,-$5.36,"$8,298.47"
12/27/2024,XX8226 CHECKING PYMNT APPLE COM BILL CUPERTINO CA 003 436212523753,,-$5.36,"$8,293.11"
12/27/2024,XX8226 CHECKING PYMNT APPLE COM BILL CUPERTINO CA 003 436212548800,,-$10.74,"$8,282.37"
12/30/2024,XX8226 POS PURCHASE APPLE.COM/BILL 866-712-7753 CA 00000000 029074,,-$5.36,"$8,277.01"
12/30/2024,XX8226 POS PURCHASE SONIC DRIVE IN # 501-730-0202 AR 3542002 083082,,-$19.65,"$8,257.36"
12/30/2024,XX8226 POS PURCHASE KUM&GO 0158R CON CONWAY AR 00000000 057340,,-$25.28,"$8,232.08"
12/31/2024,XX8226 POS PURCHASE KUM&GO 0158R CON CONWAY AR 00000000 063004,,-$10.50,"$8,221.58"
12/31/2024,XX8226 POS PURCHASE LOWE'S #236 CONWAY AR 001 436616695289,,-$10.85,"$8,210.73"
12/31/2024,XX8226 POS PURCHASE Wal-Mart Super C CONWAY AR 25750015 436599001039,,-$72.09,"$8,138.64"
01/02/2025,ONLINE BANKING TRANSFER FROM x3799 01/01/25,,"$1,350.00","$9,488.64"
01/02/2025,XX8226 POS PURCHASE SONIC DRIVE IN # 501-730-0202 AR 3542002 032546,,-$5.78,"$9,482.86"
01/02/2025,XX8226 POS PURCHASE JIMMY JOHNS - 15 501-372-1600 AR 55517218 017218,,-$12.81,"$9,470.05"
01/02/2025,Stripe ZG Rental ZG -- Rent ST-K1D5Z6D5W4W2,,"-$1,700.00","$7,770.05"
01/06/2025,XX8226 POS PURCHASE SONIC DRIVE IN # 501-730-0202 AR 3542002 005761,,-$3.30,"$7,766.75"
01/06/2025,XX8226 POS PURCHASE KUM&GO 0158R CON CONWAY AR 00000000 013265,,-$6.40,"$7,760.35"
01/06/2025,XX8226 POS PURCHASE Store Conway AR 00000000 071702,,-$9.72,"$7,750.63"
01/06/2025,XX8226 POS PURCHASE KUM&GO 0158R CON CONWAY AR 00000000 013310,,-$10.50,"$7,740.13"
01/06/2025,XX8226 POS PURCHASE KROGER #623 LITTLE ROCK AR 29168405 068405,,-$18.57,"$7,721.56"
01/06/2025,XX8226 POS PURCHASE WAL-MART #2575 CONWAY AR 24257501 345130,,-$88.64,"$7,632.92"
01/08/2025,XX8226 CHECKING PYMNT APPLE COM BILL CUPERTINO CA 003 500801151500,,-$7.99,"$7,624.93"
01/09/2025,XX8226 POS PURCHASE JIMMY JOHNS - 17 LITTLE ROCK AR 00000000 094011,,-$12.92,"$7,612.01"
01/09/2025,XX8226 POS PURCHASE KUM&GO 0158R CON CONWAY AR 002 535782,,-$26.07,"$7,585.94"
01/09/2025,XX8226 POS PURCHASE WM SUPERCENTER # CONWAY AR 25750015 094504,,-$47.18,"$7,538.76"
01/10/2025,XX8226 POS PURCHASE SONIC DRIVE IN # 501-730-0202 AR 3542002 081037,,-$7.95,"$7,530.81"
01/10/2025,XX8226 POS PURCHASE KUM&GO 0158R CON CONWAY AR 00000000 007033,,-$12.82,"$7,517.99"
01/14/2025,XX8226 POS PURCHASE SONIC DRIVE IN # 501-730-0202 AR 3542002 012433,,-$2.20,"$7,515.79"
01/14/2025,XX8226 POS PURCHASE 9245 GREAT CLIPS CONWAY AR 03189094 008867,,-$26.00,"$7,489.79"
01/15/2025,ATM DEPOSIT,,$810.00,"$8,299.79"
01/15/2025,XX8226 POS PURCHASE KUM&GO 0158R CON CONWAY AR 00000000 078737,,-$8.47,"$8,291.32"
01/15/2025,CAPITAL ONE CRCARDPMT 42N0QU8FLZVVPOI,,-$188.31,"$8,103.01"
01/16/2025,XX8226 POS PURCHASE SONIC DRIVE IN # 501-730-0202 AR 3542002 016443,,-$3.30,"$8,099.71"
01/16/2025,XX8226 POS PURCHASE ARA UCA MAIN CONWAY AR 00115502 097793,,-$3.31,"$8,096.40"
01/16/2025,XX8226 POS PURCHASE AMAZON MKTPL*ZD7 Amzn.com/bill WA 00000000 014026,,-$13.04,"$8,083.36"
01/16/2025,XX8226 POS PURCHASE UCA BOOKSTORE CONWAY AR 08787380 942678,,-$115.99,"$7,967.37"
01/17/2025,XX8226 POS PURCHASE ARA UCA MAIN CONWAY AR 00115502 063598,,-$3.31,"$7,964.06"
01/21/2025,ONLINE BANKING TRANSFER FROM x3799 01/20/25,,$111.00,"$8,075.06"
01/21/2025,XX8226 POS PURCHASE KUM&GO 0158R CON CONWAY AR 00000000 082135,,-$3.05,"$8,072.01"
01/21/2025,XX8226 POS PURCHASE KUM&GO 0139R LIT LITTLE ROCK AR 00000000 027141,,-$6.40,"$8,065.61"
01/21/2025,XX8226 POS PURCHASE FSP*ARKANSAS SKA LITTLE ROCK AR 28015318 015318,,-$12.00,"$8,053.61"
01/21/2025,XX8226 POS PURCHASE COSTCO GAS #1442 LITTLE ROCK AR 93144213 031677,,-$16.60,"$8,037.01"
01/22/2025,XX8226 POS PURCHASE SONIC DRIVE IN # 501-730-0202 AR 3542002 017961,,-$4.41,"$8,032.60"
01/22/2025,XX8226 POS PURCHASE THE HOME DEPOT # LITTLE ROCK AR 00000000 050469,,-$111.00,"$7,921.60"
01/23/2025,XX8226 POS PURCHASE ACADEMY SPORTS # CONWAY AR 00008583 065178,,-$59.80,"$7,861.80"
01/24/2025,XX8226 POS PURCHASE KUM&GO 0158R CON CONWAY AR 00000000 096852,,-$6.40,"$7,855.40"
01/27/2025,VENMO CASHOUT 1039835648495,,$500.00,"$8,355.40"
01/27/2025,XX8226 POS PURCHASE ARA UCA STARBUCK CONWAY AR 27550001 045049,,-$2.93,"$8,352.47"
01/27/2025,XX8226 POS PURCHASE SONIC DRIVE IN # 501-730-0202 AR 3542002 066074,,-$5.78,"$8,346.69"
01/27/2025,XX8226 POS PURCHASE CHICK-FIL-A #032 501-505-8645 AR 1 057511,,-$9.40,"$8,337.29"
01/27/2025,XX8226 POS PURCHASE CENGAGE LEARNING 800-354-9706 MA 0001 052621,,-$110.73,"$8,226.56"
01/28/2025,XX8226 MT DDA CREDIT CASH APP*RYAN MC Oakland CA 1 253718,,$722.17,"$8,948.73"
01/28/2025,XX8226 POS PURCHASE WALGREENS STORE CONWAY AR 99999999 446024,,-$2.57,"$8,946.16"
01/28/2025,XX8226 POS PURCHASE AMAZON MKTPL*ZG5 Amzn.com/bill WA 00000000 052382,,-$15.21,"$8,930.95"
01/28/2025,XX8226 POS PURCHASE KUM&GO 0158R CON CONWAY AR 00000000 055879,,-$24.56,"$8,906.39"
01/29/2025,XX8226 POS PURCHASE PT *CONWAY REGIO CONWAY AR 00000000 098507,,-$135.18,"$8,771.21"
01/30/2025,XX8226 POS PURCHASE ARA UCA MAIN CONWAY AR 00115502 094459,,-$3.31,"$8,767.90"
01/31/2025,XX8226 POS PURCHASE DON PEPES GOURME CONWAY AR 04659212 073116,,-$8.19,"$8,759.71"
01/31/2025,XX8226 POS PURCHASE LAKE LIQUOR MAUMELLE AR 96698138 218475,,-$17.12,"$8,742.59"
01/31/2025,XX8226 POS PURCHASE QT 7210 OUTSIDE NORTH LITTLE AR 001 124329,,-$23.46,"$8,719.13"
01/31/2025,XX8226 POS PURCHASE WM SUPERCENTER # CONWAY AR 25750008 449897,,-$60.82,"$8,658.31"
02/03/2025,ONLINE BANKING TRANSFER FROM x3799 02/01/25,,"$1,350.00","$10,008.31"
02/03/2025,XX8226 POS PURCHASE KUM&GO 0139R LIT LITTLE ROCK AR 00000000 003695,,-$6.40,"$10,001.91"
02/03/2025,XX8226 POS PURCHASE SONIC DRIVE IN # 501-730-0202 AR 3542002 031073,,-$6.62,"$9,995.29"
02/03/2025,XX8226 POS PURCHASE KUM&GO 0158R CON CONWAY AR 00000000 043841,,-$10.71,"$9,984.58"
02/03/2025,XX8226 POS PURCHASE CONWAY CORPORATI 501-548-3051 AR 00000000 085723,,-$407.85,"$9,576.73"
02/03/2025,Stripe ZG Rental ZG -- Rent ST-T1O5B2T2X6K6,,"-$1,700.00","$7,876.73"
02/05/2025,XX8226 POS PURCHASE ARA UCA MAIN CONWAY AR 00115502 076573,,-$3.31,"$7,873.42"
02/05/2025,XX8226 POS PURCHASE GRUBHUB U OF CNT CONWAY AR 11266862 066862,,-$6.19,"$7,867.23"
02/05/2025,XX8226 POS PURCHASE TST*HIDEAWAY PIZ 501-697-4444 AR 00000000 045206,,-$26.40,"$7,840.83"
02/06/2025,XX8226 POS PURCHASE SONIC DRIVE IN # 501-730-0202 AR 3542002 095755,,-$6.06,"$7,834.77"
02/06/2025,XX8226 POS PURCHASE WM SUPERCENTER # CONWAY AR 25750008 142394,,-$44.66,"$7,790.11"
02/07/2025,ATM DEPOSIT,,$660.00,"$8,450.11"
02/07/2025,XX8226 CHECKING PYMNT FerrellRetail LIBERTY MO E101558 503891019199,,-$12.12,"$8,437.99"
02/07/2025,XX8226 POS PURCHASE 9245 GREAT CLIPS CONWAY AR 03189081 006695,,-$15.99,"$8,422.00"
02/07/2025,XX8226 POS PURCHASE LAKE LIQUOR MAUMELLE AR 96698139 969570,,-$78.10,"$8,343.90"
02/10/2025,XX8226 POS PURCHASE ARA UCA MAIN CONWAY AR 00115502 030827,,-$3.31,"$8,340.59"
02/10/2025,XX8226 POS PURCHASE GRUBHUB U OF CNT CONWAY AR 16061375 061375,,-$6.19,"$8,334.40"
02/10/2025,XX8226 POS PURCHASE KUM&GO 0158R CON CONWAY AR 00000000 017273,,-$6.40,"$8,328.00"
02/10/2025,XX8226 MT DDA DEBIT CASH APP*EVAN PA Oakland CA 1 845606,,-$7.00,"$8,321.00"
02/10/2025,XX8226 POS PURCHASE QT 7210 INSIDE NORTH LITTLE AR 00000000 069099,,-$10.88,"$8,310.12"
02/10/2025,XX8226 MT DDA DEBIT CASH APP*EVAN PA Oakland CA 1 444623,,-$13.00,"$8,297.12"
02/10/2025,XX8226 POS PURCHASE Mr. Smoke (Conwa Conway AR 00010001 052688,,-$14.83,"$8,282.29"
02/10/2025,XX8226 POS PURCHASE WINGSTOP 320 224-402-1847 AR 320 001 003514,,-$18.88,"$8,263.41"
02/10/2025,XX8226 POS PURCHASE WM SUPERCENTER # CONWAY AR 25750007 397845,,-$25.29,"$8,238.12"
02/10/2025,XX8226 POS PURCHASE AMAZON MKTPL*761 Amzn.com/bill WA 00000000 022177,,-$27.18,"$8,210.94"
02/12/2025,XX8226 CHECKING PYMNT APPLE COM BILL CUPERTINO CA 003 504220959917,,-$9.99,"$8,200.95"
02/12/2025,XX8226 POS PURCHASE Mr. Smoke (Conwa Conway AR 00010001 057048,,-$10.98,"$8,189.97"
02/12/2025,XX8226 MT DDA DEBIT CASH APP*RYAN MC Oakland CA 1 186508,,-$15.00,"$8,174.97"
02/12/2025,XX8226 POS PURCHASE WM SUPERCENTER # CONWAY AR 25750009 102251,,-$72.15,"$8,102.82"
02/13/2025,ONLINE BANKING TRANSFER FROM x3799 02/13/25,,$135.00,"$8,237.82"
02/13/2025,XX8226 POS PURCHASE ARA UCA STARBUCK CONWAY AR 27550001 097644,,-$2.93,"$8,234.89"
02/13/2025,XX8226 POS PURCHASE CONWAY CORPORATI 501-548-3051 AR 00000000 031351,,-$505.09,"$7,729.80"
02/14/2025,XX8226 POS PURCHASE SONIC DRIVE IN # 501-730-0202 AR 3542002 033480,,-$7.29,"$7,722.51"
02/14/2025,XX8226 POS PURCHASE KUM&GO 0158R CON CONWAY AR 00000000 035160,,-$15.32,"$7,707.19"
02/18/2025,XX8226 POS PURCHASE SONIC DRIVE IN # 999-999-9999 AR 1168002 068321,,-$0.39,"$7,706.80"
02/18/2025,XX8226 POS PURCHASE ARA UCA STARBUCK CONWAY AR 27550001 019918,,-$2.93,"$7,703.87"
02/18/2025,XX8226 POS PURCHASE SONIC DRIVE IN # 999-999-9999 AR 1168002 068322,,-$4.21,"$7,699.66"
02/18/2025,XX8226 POS PURCHASE KROGER #623 LITTLE ROCK AR 28245816 045816,,-$6.01,"$7,693.65"
02/18/2025,XX8226 POS PURCHASE Mr. Smoke (Conwa Conway AR 00010001 987847,,-$10.98,"$7,682.67"
02/18/2025,XX8226 POS PURCHASE LOCAL LIME LITTLE ROCK AR 00B55804 004704,,-$11.51,"$7,671.16"
02/18/2025,XX8226 POS PURCHASE TACO BELL 700173 479-709-7920 AR 7001001 087919,,-$13.84,"$7,657.32"
02/18/2025,XX8226 POS PURCHASE KROGER FUEL #562 LITTLE ROCK AR 99999999 026723,,-$24.32,"$7,633.00"
02/18/2025,XX8226 POS PURCHASE LEGACY WINE AND LITTLE ROCK AR 04776458 000067,,-$36.16,"$7,596.84"
02/18/2025,XX8226 POS PURCHASE KROGER #623 LITTLE ROCK AR 28245808 045808,,-$52.52,"$7,544.32"
02/18/2025,XX8226 POS PURCHASE WAL-MART #2575 CONWAY AR 24257501 536210,,-$61.78,"$7,482.54"
02/18/2025,XX8226 POS PURCHASE AMZN Mktp US*T20 Amzn.com/bill WA 00000000 050656,,-$325.16,"$7,157.38"
02/18/2025,CAPITAL ONE CRCARDPMT 42TK91BLIAI0F5U,,-$421.31,"$6,736.07"
02/19/2025,XX8226 POS PURCHASE KUM&GO 0158R CON CONWAY AR 00000000 033785,,-$15.36,"$6,720.71"
02/19/2025,XX8226 POS PURCHASE AMZN Mktp US*XG5 Amzn.com/bill WA 00000000 027030,,-$46.18,"$6,674.53"
02/21/2025,XX8226 POS PURCHASE LAKE LIQUOR MAUMELLE AR 96698139 902390,,-$45.79,"$6,628.74"
02/24/2025,XX8226 POS PURCHASE KUM&GO 0158R CON CONWAY AR 00000000 047814,,-$2.14,"$6,626.60"
02/24/2025,XX8226 POS PURCHASE KUM&GO 0158R CON CONWAY AR 00000000 047703,,-$10.71,"$6,615.89"
02/24/2025,XX8226 POS PURCHASE Mr. Smoke (Conwa Conway AR 00010001 638024,,-$11.86,"$6,604.03"
02/24/2025,XX8226 POS PURCHASE TST*HIDEAWAY PIZ Conway AR 00000000 078242,,-$20.49,"$6,583.54"
02/24/2025,XX8226 POS PURCHASE KROGER #623 LITTLE ROCK AR 27541264 041264,,-$60.95,"$6,522.59"
02/25/2025,XX8226 POS PURCHASE ARA UCA MAIN CONWAY AR 00115502 079700,,-$3.31,"$6,519.28"
02/26/2025,XX8226 POS PURCHASE WINGSTOP 320 224-402-1847 AR 320 001 086232,,-$22.76,"$6,496.52"
02/26/2025,XX8226 POS PURCHASE Mr. Smoke (Conwa Conway AR 00010001 004544,,-$24.72,"$6,471.80"
02/26/2025,XX8226 POS PURCHASE SHELL OIL1000554 LITTLE ROCK AR 00000000 056979,,-$31.13,"$6,440.67"
02/26/2025,XX8226 POS PURCHASE WAREHOUSE LIQUOR LITTLE ROCK AR 80070622 923809,,-$54.89,"$6,385.78"
02/27/2025,XX8226 POS PURCHASE ARA UCA STARBUCK CONWAY AR 27550001 081340,,-$2.93,"$6,382.85"
02/27/2025,XX8226 POS PURCHASE SONIC DRIVE IN # 501-730-0202 AR 3542002 004743,,-$6.61,"$6,376.24"
02/27/2025,XX8226 POS PURCHASE WAL-MART #2575 CONWAY AR 24257501 576183,,-$78.83,"$6,297.41"
03/03/2025,ONLINE BANKING TRANSFER FROM x3799 03/01/25,,"$1,350.00","$7,647.41"
03/03/2025,XX8226 POS PURCHASE ARA UCA STARBUCK CONWAY AR 27550001 007105,,-$2.93,"$7,644.48"
03/03/2025,XX8226 POS PURCHASE SONIC DRIVE IN # 501-730-0202 AR 3542002 023369,,-$5.78,"$7,638.70"
03/03/2025,XX8226 POS PURCHASE KUM&GO 0139R LIT LITTLE ROCK AR 00000000 003318,,-$23.37,"$7,615.33"
03/03/2025,XX8226 POS PURCHASE KUM&GO 0139R LIT LITTLE ROCK AR 002 650494,,-$24.80,"$7,590.53"
03/03/2025,XX8226 POS PURCHASE KUM&GO 0139R LIT LITTLE ROCK AR 00000000 011968,,-$27.97,"$7,562.56"
03/03/2025,XX8226 POS PURCHASE BEAR'S DEN PIZZA CONWAY AR V5227171 090514,,-$61.63,"$7,500.93"
03/03/2025,Stripe ZG Rental ZG -- Rent ST-F0X3O6V2B7Z0,,"-$1,700.00","$5,800.93"
03/04/2025,XX8226 POS PURCHASE ARA UCA STARBUCK CONWAY AR 27550001 005124,,-$3.27,"$5,797.66"
03/06/2025,XX8226 POS PURCHASE WALGREENS STORE CONWAY AR 99999999 141072,,-$2.95,"$5,794.71"
03/06/2025,XX8226 POS PURCHASE WALGREENS STORE CONWAY AR 99999999 245599,,-$3.69,"$5,791.02"
03/06/2025,XX8226 POS PURCHASE ZAXBY'S #63007 CONWAY AR 00000000 028582,,-$14.41,"$5,776.61"
03/06/2025,XX8226 POS PURCHASE PT *CONWAY REGIO CONWAY AR 00000000 016800,,-$50.00,"$5,726.61"
03/07/2025,XX8226 POS PURCHASE ARA UCA MAIN CONWAY AR 00115502 022887,,-$3.31,"$5,723.30"
03/07/2025,XX8226 POS PURCHASE SONIC DRIVE IN # 501-730-0202 AR 3542002 001400,,-$4.41,"$5,718.89"
03/07/2025,XX8226 POS PURCHASE JIMMY JOHNS - 20 CONWAY AR 00000000 016733,,-$12.27,"$5,706.62"
03/10/2025,XX8226 POS PURCHASE SONIC DRIVE IN # 501-730-0202 AR 3542002 002301,,-$11.25,"$5,695.37"
03/10/2025,XX8226 POS PURCHASE WAREHOUSE LIQUOR LITTLE ROCK AR 80070623 304659,,-$18.86,"$5,676.51"
03/10/2025,XX8226 POS PURCHASE KUM&GO 0139R LIT LITTLE ROCK AR 00000000 069703,,-$20.15,"$5,656.36"
03/10/2025,XX8226 POS PURCHASE SHELL OIL1000554 LITTLE ROCK AR 00000000 066833,,-$24.02,"$5,632.34"
03/10/2025,XX8226 POS PURCHASE WAL-MART #2575 CONWAY AR 24257501 803744,,-$25.08,"$5,607.26"
03/11/2025,CONSUMER MOBILE DEPOSIT,,"$2,500.00","$8,107.26"
03/12/2025,XX8226 POS PURCHASE SONIC DRIVE IN # 501-730-0202 AR 3542002 012744,,-$4.41,"$8,102.85"
03/12/2025,XX8226 POS PURCHASE BURGER KING #228 CONWAY AR 00006195 069684,,-$12.51,"$8,090.34"
03/12/2025,XX8226 POS PURCHASE HARPS FOOD STORE CONWAY AR 18065701 598770,,-$73.33,"$8,017.01"
03/12/2025,XX8226 POS PURCHASE ACADEMY SPORTS # CONWAY AR 09108944 893077,,-$125.06,"$7,891.95"
03/13/2025,XX8226 POS PURCHASE 9245 GREAT CLIPS CONWAY AR 03189094 035180,,-$26.00,"$7,865.95"
03/14/2025,XX8226 POS PURCHASE SHELL OIL1000554 LITTLE ROCK AR 00000000 061864,,-$5.94,"$7,860.01"
03/14/2025,XX8226 POS PURCHASE CONWAY CORPORATI 501-548-3051 AR 00000000 050809,,-$459.60,"$7,400.41"
03/17/2025,ONLINE BANKING TRANSFER TO x3781 03/16/25,,"-$2,500.00","$4,900.41"
03/17/2025,XX8226 POS PURCHASE SONIC DRIVE IN # 501-730-0202 AR 3542002 001160,,-$2.20,"$4,898.21"
03/17/2025,XX8226 POS PURCHASE SONIC DRIVE IN # 501-730-0202 AR 3542002 001161,,-$6.60,"$4,891.61"
03/17/2025,XX8226 POS PURCHASE DON PEPES GOURME CONWAY AR 04659212 026231,,-$11.39,"$4,880.22"
03/17/2025,XX8226 POS PURCHASE WAL-MART #2575 CONWAY AR 24257501 345599,,-$18.67,"$4,861.55"
03/17/2025,CAPITAL ONE CRCARDPMT 42ZGZKZLRKALJ9E,,-$63.36,"$4,798.19"
03/18/2025,XX8226 POS PURCHASE DD *KOTAROHIBACH DOORDASH.COM CA APGEHDCX 072113,,-$43.47,"$4,754.72"
03/19/2025,XX8226 POS PURCHASE HARDEES 1505836 CONWAY AR 04491515 007247,,-$13.09,"$4,741.63"
03/19/2025,XX8226 POS PURCHASE KUM&GO 0158R CON CONWAY AR 00000000 055601,,-$25.84,"$4,715.79"
03/20/2025,XX8226 POS PURCHASE ARA UCA STARBUCK CONWAY AR 27550001 087841,,-$2.93,"$4,712.86"
03/20/2025,XX8226 POS PURCHASE WM SUPERCENTER # CONWAY AR 25750007 299902,,-$4.69,"$4,708.17"
03/20/2025,XX8226 POS PURCHASE GRUBHUB U OF CNT CONWAY AR 11662128 062128,,-$6.19,"$4,701.98"
03/20/2025,XX8226 POS PURCHASE Mr. Smoke (Conwa Conway AR 00010001 977052,,-$11.86,"$4,690.12"
03/20/2025,XX8226 POS PURCHASE MURPHY6799ATWALM CONWAY AR 92707401 961418,,-$28.35,"$4,661.77"
03/20/2025,XX8226 POS PURCHASE WAL-MART #2575 CONWAY AR 24257501 794116,,-$39.37,"$4,622.40"
03/21/2025,XX8226 POS PURCHASE DD *KOTAROHIBACH DOORDASH.COM CA APGEHDCX 014935,,-$37.10,"$4,585.30"
03/24/2025,XX8226 POS PURCHASE Speedway Pagosa Spring CO 90949401 173810,,-$2.38,"$4,582.92"
03/24/2025,XX8226 POS PURCHASE SONIC DRIVE IN # 501-730-0202 AR 3542002 067404,,-$6.00,"$4,576.92"
03/24/2025,XX8226 POS PURCHASE FLYING C RANCH A ENCINO NM 02938935 050868,,-$8.70,"$4,568.22"
03/24/2025,XX8226 POS PURCHASE KUM&GO 0139R LIT LITTLE ROCK AR 00000000 067857,,-$9.75,"$4,558.47"
03/24/2025,XX8226 POS PURCHASE 5GUYS 0677 QSR SANTA FE NM 48137892 037892,,-$29.17,"$4,529.30"
03/24/2025,XX8226 POS PURCHASE WOLF CREEK TICKE PAGOSA SPRING CO 0103 007527,,-$91.00,"$4,438.30"
03/25/2025,XX8226 POS PURCHASE WOLF CREEK TICKE PAGOSA SPRING CO 0103 006008,,-$91.00,"$4,347.30"
03/25/2025,XX8226 ATM WITHDRAWAL PAI ISO PAGOSA SPRING CO RT54565 007143,,-$100.00,"$4,247.30"
03/25/2025,FEE FOR INQUIRY PAI ISO PAGOSA SPRING CO RT54565 007142,,-$2.50,"$4,244.80"
03/25/2025,FEE FOR ATM WITHDRAWAL PAI ISO PAGOSA SPRING CO RT54565 007143,,-$2.50,"$4,242.30"
03/26/2025,XX8226 POS PURCHASE WOLF CREEK TICKE PAGOSA SPRING CO 0103 005961,,-$91.00,"$4,151.30"
03/27/2025,XX8226 POS PURCHASE WOLF CREEK TICKE PAGOSA SPRING CO 0104 005366,,-$91.00,"$4,060.30"
03/31/2025,ATM DEPOSIT,,$320.00,"$4,380.30"
03/31/2025,XX8226 POS PURCHASE PILOT #0196 ROLAND OK 86014201 481017,,-$2.59,"$4,377.71"
03/31/2025,XX8226 POS PURCHASE PHILLIPS 66 - CL CLINES CORNER NM 21 088126,,-$4.45,"$4,373.26"
03/31/2025,XX8226 POS PURCHASE GENESIS AUTO WAS LITTLE ROCK AR 75891588 018999,,-$22.50,"$4,350.76"
04/01/2025,XX8226 MT DDA CREDIT CASH APP*RYAN MC Oakland CA 1 948117,,"$1,726.56","$6,077.32"
04/01/2025,ONLINE BANKING TRANSFER FROM x3799 04/01/25,,"$1,350.00","$7,427.32"
04/01/2025,XX8226 POS PURCHASE ARA UCA MAIN CONWAY AR 00115502 012356,,-$3.31,"$7,424.01"
04/01/2025,XX8226 MT DDA DEBIT CASH APP*RYAN MC Oakland CA 1 017181,,-$54.00,"$7,370.01"
04/01/2025,Stripe ZG Rental ZG -- Rent ST-J8P9C4R0B0Y3,,"-$1,700.00","$5,670.01"
04/02/2025,XX8226 POS PURCHASE ARA UCA MAIN CONWAY AR 00115502 003786,,-$3.31,"$5,666.70"
04/04/2025,XX8226 POS PURCHASE ARA UCA MAIN CONWAY AR 00115502 028827,,-$3.31,"$5,663.39"
04/07/2025,XX8226 POS PURCHASE KUM&GO 0158R CON CONWAY AR 00000000 030983,,-$10.71,"$5,652.68"
04/07/2025,XX8226 POS PURCHASE DOMINO'S 5319 501-831-5692 AR 46377649 077649,,-$25.10,"$5,627.58"
04/08/2025,TAX REF IRS TREAS 310 REF*MCKI*AUSTIN*12/2024*TAX REFUND*30\,,$299.00,"$5,926.58"
04/09/2025,XX8226 POS PURCHASE ARA UCA STARBUCK CONWAY AR 27550001 047798,,-$2.93,"$5,923.65"
04/09/2025,XX8226 POS PURCHASE HARPS FOOD STORE CONWAY AR 18065701 252814,,-$15.82,"$5,907.83"
04/09/2025,XX8226 POS PURCHASE WL *Steam Purcha 425-9522985 WA 00000007 002879,,-$19.99,"$5,887.84"
04/09/2025,XX8226 POS PURCHASE 9245 GREAT CLIPS CONWAY AR 03189094 037590,,-$26.00,"$5,861.84"
04/10/2025,XX8226 POS PURCHASE ARA UCA STARBUCK CONWAY AR 27550001 057351,,-$2.93,"$5,858.91"
04/10/2025,XX8226 POS PURCHASE SONIC DRIVE IN # 501-730-0202 AR 3542002 014090,,-$4.41,"$5,854.50"
04/10/2025,XX8226 POS PURCHASE KUM&GO 0158R CON CONWAY AR 00000000 097856,,-$10.74,"$5,843.76"
04/10/2025,XX8226 POS PURCHASE WAREHOUSE LIQUOR LITTLE ROCK AR 80070623 044819,,-$58.17,"$5,785.59"
04/11/2025,XX8226 POS PURCHASE MURPHY6799ATWALM CONWAY AR 92707401 841049,,-$25.74,"$5,759.85"
04/11/2025,XX8226 POS PURCHASE HARPS FOOD STORE CONWAY AR 18065701 663714,,-$32.72,"$5,727.13"
04/11/2025,XX8226 POS PURCHASE WM SUPERCENTER # CONWAY AR 25750022 793887,,-$89.53,"$5,637.60"
04/14/2025,XX8226 POS PURCHASE JIMMY JOHNS - 20 CONWAY AR 00000000 037464,,-$11.50,"$5,626.10"
04/14/2025,XX8226 POS PURCHASE KRISPY KREME #13 CONWAY AR 00000000 001410,,-$11.63,"$5,614.47"
04/14/2025,XX8226 POS PURCHASE SONIC DRIVE IN # 501-730-0202 AR 3542002 002298,,-$11.75,"$5,602.72"
04/14/2025,XX8226 POS PURCHASE SHELL OIL1000554 LITTLE ROCK AR 00000000 065130,,-$11.79,"$5,590.93"
04/14/2025,XX8226 POS PURCHASE LOS GALLOS TAQUE CONWAY AR 79201629 080018,,-$14.59,"$5,576.34"
04/15/2025,XX8226 POS PURCHASE ARA UCA STARBUCK CONWAY AR 27550001 049609,,-$2.93,"$5,573.41"
04/15/2025,CAPITAL ONE CRCARDPMT 4360KT4HQOJA8XU,,-$303.38,"$5,270.03"
04/16/2025,ARSTTAXRFD STATE OF ARK 25*A*XXXXXX6554 *0630,,$186.00,"$5,456.03"
04/16/2025,XX8226 POS PURCHASE DON PEPES GOURME CONWAY AR 04659212 054679,,-$26.09,"$5,429.94"
04/17/2025,XX8226 POS PURCHASE ARA UCA STARBUCK CONWAY AR 27550001 047117,,-$2.93,"$5,427.01"
04/17/2025,XX8226 POS PURCHASE KUM&GO 0158R CON CONWAY AR 00000000 013298,,-$6.40,"$5,420.61"
04/17/2025,XX8226 POS PURCHASE KUM&GO 0158R CON CONWAY AR 00000000 013410,,-$10.71,"$5,409.90"
04/17/2025,XX8226 POS PURCHASE JERSEY MIKES ONL https://prod. NJ 00007671 016574,,-$21.80,"$5,388.10"
04/17/2025,XX8226 POS PURCHASE CONWAY CORPORATI 501-548-3051 AR 00000000 044781,,-$304.52,"$5,083.58"
04/21/2025,XX8226 POS PURCHASE CASEYS #3895 156 SPRINGDALE AR 99999999 351227,,-$10.97,"$5,072.61"
04/21/2025,XX8226 POS PURCHASE OZARK TRAVEL PLA OZARK AR 002VG001 510895145671,,-$11.15,"$5,061.46"
04/21/2025,XX8226 POS PURCHASE HARP'S SUPER STO SPRINGDALE AR 41676601 256050,,-$19.59,"$5,041.87"
04/21/2025,XX8226 POS PURCHASE KUM&GO 0158R CON CONWAY AR 002 902311,,-$21.13,"$5,020.74"
04/21/2025,XX8226 POS PURCHASE CAR WASH USA #03 CONWAY AR 00000000 019157,,-$22.00,"$4,998.74"
04/21/2025,XX8226 POS PURCHASE KUM&GO 0158R CON CONWAY AR 002 998894,,-$25.68,"$4,973.06"
04/21/2025,XX8226 POS PURCHASE CASEYS #3895 156 SPRINGDALE AR 99999999 433886,,-$50.92,"$4,922.14"
04/22/2025,XX8226 POS PURCHASE KUM&GO 0158R CON CONWAY AR 00000000 014328,,-$2.05,"$4,920.09"
04/22/2025,XX8226 POS PURCHASE SONIC DRIVE IN # 501-730-0202 AR 3542002 047507,,-$18.05,"$4,902.04"
04/23/2025,XX8226 POS PURCHASE KUM&GO 0158R CON CONWAY AR 00000000 016150,,-$3.14,"$4,898.90"
04/23/2025,XX8226 POS PURCHASE KUM&GO 0158R CON CONWAY AR 00000000 016151,,-$3.69,"$4,895.21"
04/23/2025,XX8226 POS PURCHASE KUM&GO 0158R CON CONWAY AR 00000000 016148,,-$10.71,"$4,884.50"
04/23/2025,XX8226 POS PURCHASE HARPS FOOD STORE CONWAY AR 18065701 695711,,-$125.16,"$4,759.34"
04/24/2025,XX8226 MT DDA CREDIT CASH APP*RYAN MC Oakland CA 1 021941,,$764.67,"$5,524.01"
04/24/2025,XX8226 POS PURCHASE SONIC DRIVE IN # 501-730-0202 AR 3542002 043091,,-$4.41,"$5,519.60"
04/24/2025,XX8226 POS PURCHASE WM SUPERCENTER # CONWAY AR 25750003 044695,,-$12.95,"$5,506.65"
04/28/2025,VISA INTERNATIONAL FEE ASSESSMENT SP DERMADRY MONTREAL QC T4TQL9A8 059239,,-$12.00,"$5,494.65"
04/28/2025,XX8226 POS PURCHASE KROGER #623 LITTLE ROCK AR 30329616 029616,,-$6.01,"$5,488.64"
04/28/2025,XX8226 POS PURCHASE KUM&GO 0158R CON CONWAY AR 00000000 075824,,-$6.40,"$5,482.24"
04/28/2025,XX8226 POS PURCHASE SONIC DRIVE IN # 501-730-0202 AR 3542002 010312,,-$8.26,"$5,473.98"
04/28/2025,XX8226 POS PURCHASE BURGER KING #228 CONWAY AR 00006195 070824,,-$12.51,"$5,461.47"
04/28/2025,XX8226 POS PURCHASE WAL-MART #2575 CONWAY AR 24257501 683036,,-$17.00,"$5,444.47"
04/28/2025,XX8226 POS PURCHASE SODYSLIQUORSTORE N LITTLE ROCK AR V6905172 000135,,-$22.77,"$5,421.70"
04/28/2025,XX8226 POS PURCHASE KROGER #623 LITTLE ROCK AR 30329608 029608,,-$23.24,"$5,398.46"
04/28/2025,XX8226 POS PURCHASE Mr. Smoke (Conwa Conway AR 00010001 526180,,-$28.76,"$5,369.70"
04/28/2025,XX8226 POS PURCHASE SP DERMADRY MONTREAL QC T4TQL9A8 059239,,-$400.00,"$4,969.70"
04/29/2025,XX8226 POS PURCHASE SONIC DRIVE IN # 501-730-0202 AR 3542002 042608,,-$6.60,"$4,963.10"
04/29/2025,XX8226 POS PURCHASE 9245 GREAT CLIPS CONWAY AR 03189094 016222,,-$26.00,"$4,937.10"
04/30/2025,XX8226 POS PURCHASE HARPS FOOD STORE MAYFLOWER AR 41678901 980747,,-$3.60,"$4,933.50"
04/30/2025,XX8226 POS PURCHASE KUM&GO 0158R CON CONWAY AR 00000000 010109,,-$9.76,"$4,923.74"
04/30/2025,XX8226 POS PURCHASE CHICK-FIL-A #032 501-505-8645 AR 1 097444,,-$13.12,"$4,910.62"
04/30/2025,XX8226 POS PURCHASE KUM&GO 0158R CON CONWAY AR 00000000 010373,,-$14.58,"$4,896.04"
04/30/2025,XX8226 POS PURCHASE TST*HIDEAWAY PIZ 501-697-4444 AR 00000000 018226,,-$28.78,"$4,867.26"
04/30/2025,XX8226 POS PURCHASE PALARM LIQUOR MAUMELLE AR 04772804 512032772717,,-$29.82,"$4,837.44"
05/01/2025,ONLINE BANKING TRANSFER FROM x3799 05/01/25,,"$1,350.00","$6,187.44"
05/01/2025,XX8226 POS PURCHASE Wal-Mart Super C CONWAY AR 25750005 512115521056,,-$3.07,"$6,184.37"
05/01/2025,XX8226 POS PURCHASE TST*STOBYS CONWA 501-327-5447 AR 00000000 028661,,-$9.15,"$6,175.22"
05/01/2025,XX8226 POS PURCHASE KUM&GO 0158R CON CONWAY AR 00000000 080663,,-$9.20,"$6,166.02"
05/01/2025,XX8226 POS PURCHASE Mr. Smoke (Conwa Conway AR 00010001 715609,,-$12.85,"$6,153.17"
05/01/2025,Stripe ZG Rental ZG -- Rent ST-M0C8Y9R4M6J6,,"-$1,700.00","$4,453.17"
05/02/2025,XX8226 POS PURCHASE BURGER KING #228 CONWAY AR 00006195 034596,,-$7.85,"$4,445.32"
05/02/2025,XX8226 POS PURCHASE BEYOND THE WOK CONWAY AR 2 096845,,-$21.93,"$4,423.39"
05/05/2025,ONLINE BANKING TRANSFER FROM x3799 05/03/25,,$400.00,"$4,823.39"
05/05/2025,XX8226 POS PURCHASE KUM&GO 0139R LIT LITTLE ROCK AR 00000000 011803,,-$12.42,"$4,810.97"
05/05/2025,XX8226 POS PURCHASE JERSEY MIKES ONL https://prod. NJ 00007671 006385,,-$13.92,"$4,797.05"
05/05/2025,XX8226 POS PURCHASE SHELL OIL1000554 LITTLE ROCK AR 00000000 071664,,-$14.23,"$4,782.82"
05/05/2025,XX8226 POS PURCHASE DAVIDS BURGERS B LITTLE ROCK AR 00001336 067708,,-$20.86,"$4,761.96"
05/05/2025,XX8226 POS PURCHASE KROGER #623 LITTLE ROCK AR 35011276 011276,,-$59.30,"$4,702.66"
05/07/2025,XX8226 POS PURCHASE KUM&GO 0139R LIT LITTLE ROCK AR 00000000 032232,,-$12.80,"$4,689.86"
05/07/2025,XX8226 POS PURCHASE KROGER FUEL #562 LITTLE ROCK AR 80562324 124204,,-$23.36,"$4,666.50"
05/07/2025,XX8226 POS PURCHASE KROGER #623 LITTLE ROCK AR 31340042 040042,,-$67.39,"$4,599.11"
05/09/2025,Deposit,,"$10,554.58","$15,153.69"
05/12/2025,XX8226 POS PURCHASE KROGER #623 LITTLE ROCK AR 34066990 066990,,-$10.21,"$15,143.48"
05/12/2025,XX8226 POS PURCHASE CHICK-FIL-A #027 501-228-0404 AR 1 054712,,-$13.11,"$15,130.37"
05/12/2025,XX8226 POS PURCHASE KUM&GO 0139R LIT LITTLE ROCK AR 00000000 011861,,-$33.14,"$15,097.23"
05/12/2025,XX8226 POS PURCHASE DAVIDS BURGERS B LITTLE ROCK AR 00001336 023667,,-$39.54,"$15,057.69"
05/12/2025,XX8226 POS PURCHASE LEGACY WINE AND LITTLE ROCK AR 04776458 002049,,-$41.78,"$15,015.91"
05/12/2025,XX8226 POS PURCHASE AMAZON MKTPL*NI3 Amzn.com/bill WA 00000000 011180,,-$52.55,"$14,963.36"
05/14/2025,XX8226 PURCHASE RETURN AMAZON MKTPLACE Amzn.com/bill WA 00000000 093282,,$29.01,"$14,992.37"
05/14/2025,XX8226 POS PURCHASE WM SUPERCENTER # CONWAY AR 25750005 107317,,-$2.56,"$14,989.81"
05/14/2025,XX8226 POS PURCHASE Mr. Smoke (Conwa Conway AR 00010001 845467,,-$12.85,"$14,976.96"
05/14/2025,XX8226 POS PURCHASE WINGSTOP 320 CONWAY AR 320 002 077905,,-$18.88,"$14,958.08"
05/14/2025,XX8226 POS PURCHASE WINGSTOP 144 817-028-1920 AR 144 001 058547,,-$21.80,"$14,936.28"
05/14/2025,XX8226 POS PURCHASE AMAZON MKTPL*NW7 Amzn.com/bill WA 00000000 003378,,-$29.01,"$14,907.27"
05/14/2025,XX8226 POS PURCHASE LAKE LIQUOR MAUMELLE AR 96698139 351387,,-$84.80,"$14,822.47"
05/15/2025,XX8226 PURCHASE RETURN WINGSTOP 144 LITTLE ROCK AR 144 001 061331,,$21.80,"$14,844.27"
05/15/2025,XX8226 POS PURCHASE TST*HIDEAWAY PIZ 501-697-4444 AR 00000000 032617,,-$33.77,"$14,810.50"
05/15/2025,XX8226 POS PURCHASE BASS PRO STORE L LITTLE ROCK AR 03028777 513580001,,-$36.35,"$14,774.15"
05/15/2025,CAPITAL ONE CRCARDPMT 43CD412DLWYAFGI,,-$313.35,"$14,460.80"
05/16/2025,XX8226 POS PURCHASE SONIC DRIVE IN # 501-730-0202 AR 3542002 022556,,-$4.41,"$14,456.39"
05/16/2025,XX8226 POS PURCHASE Mr. Smoke (Conwa Conway AR 00010001 101515,,-$10.98,"$14,445.41"
05/16/2025,XX8226 POS PURCHASE QT 7211 INSIDE LITTLE ROCK AR 00000000 004567,,-$13.14,"$14,432.27"
05/16/2025,XX8226 POS PURCHASE WALGREENS STORE CONWAY AR 99999999 258848,,-$25.00,"$14,407.27"
05/16/2025,XX8226 POS PURCHASE CONWAY CORPORATI 501-548-3051 AR 00000000 081957,,-$262.07,"$14,145.20"
05/19/2025,XX8226 POS PURCHASE SONIC DRIVE IN # 999-999-9999 AR 1168002 093319,,-$5.36,"$14,139.84"
05/19/2025,XX8226 POS PURCHASE BIG RED CHENAL LITTLE ROCK AR 34383001 072476,,-$6.75,"$14,133.09"
05/19/2025,XX8226 POS PURCHASE LIQUOR ROCK LLC LITTLE ROCK AR 001 073224,,-$8.92,"$14,124.17"
05/19/2025,XX8226 POS PURCHASE CIRCLE K DEALER LITTLE ROCK AR 102 585180,,-$28.86,"$14,095.31"
05/19/2025,XX8226 POS PURCHASE COLONIAL WINE AN LITTLE ROCK AR 80497233 076797,,-$37.21,"$14,058.10"
05/19/2025,XX8226 POS PURCHASE ZAXBY'S #50103 LITTLE ROCK AR 00000000 077325,,-$50.41,"$14,007.69"
05/19/2025,XX8226 POS PURCHASE KROGER #623 LITTLE ROCK AR 33323905 023905,,-$88.89,"$13,918.80"
05/21/2025,XX8226 PURCHASE RETURN AMAZON MKTPLACE Amzn.com/bill WA 00000000 054010,,$29.01,"$13,947.81"
05/21/2025,XX8226 POS PURCHASE KROGER #623 LITTLE ROCK AR 30764457 064457,,-$67.01,"$13,880.80"
05/22/2025,ATM DEPOSIT,,$100.00,"$13,980.80"
05/22/2025,XX8226 POS PURCHASE AMAZON MKTPL*NZ1 Amzn.com/bill WA 00000000 079119,,-$10.74,"$13,970.06"
05/22/2025,XX8226 POS PURCHASE JERSEY MIKES ONL https://prod. NJ 00007671 016021,,-$25.28,"$13,944.78"
05/22/2025,XX8226 POS PURCHASE 1067 GREAT CLIPS LITTLE ROCK AR 03190274 002666,,-$26.00,"$13,918.78"
05/23/2025,XX8226 POS PURCHASE WALGREENS STORE CONWAY AR 99999999 008463,,-$2.65,"$13,916.13"
05/23/2025,XX8226 POS PURCHASE WALGREENS STORE CONWAY AR 99999999 020397,,-$8.70,"$13,907.43"
05/23/2025,XX8226 POS PURCHASE Mr. Smoke (Conwa Conway AR 00010001 965772,,-$10.98,"$13,896.45"
05/23/2025,XX8226 POS PURCHASE COSTCO GAS #1442 LITTLE ROCK AR 93144213 574302,,-$45.78,"$13,850.67"
05/27/2025,ONLINE BANKING TRANSFER FROM x3799 05/24/25,,$150.00,"$14,000.67"
05/27/2025,XX8226 POS PURCHASE SONIC DRIVE IN # 501-730-0202 AR 3542002 042061,,-$13.53,"$13,987.14"
05/27/2025,XX8226 POS PURCHASE KUM&GO 0139R LIT LITTLE ROCK AR 00000000 022014,,-$19.53,"$13,967.61"
05/27/2025,XX8226 POS PURCHASE PT *CONWAY REGIO CONWAY AR 00000000 001212,,-$50.00,"$13,917.61"
05/28/2025,XX8226 POS PURCHASE KUM&GO 0139R LIT LITTLE ROCK AR 00000000 039492,,-$25.06,"$13,892.55"
05/28/2025,XX8226 POS PURCHASE CIRCLE K DEALER LITTLE ROCK AR 102 981913,,-$27.68,"$13,864.87"
05/29/2025,XX8226 POS PURCHASE FSP*ARKANSAS SKA LITTLE ROCK AR 32776590 076590,,-$4.00,"$13,860.87"
05/29/2025,XX8226 POS PURCHASE Grumpys Too Little Rock AR 75011182 024715,,-$8.83,"$13,852.04"
05/29/2025,XX8226 POS PURCHASE FSP*ARKANSAS SKA LITTLE ROCK AR 32776582 076582,,-$12.00,"$13,840.04"
05/29/2025,XX8226 POS PURCHASE SONIC DRIVE IN # 999-999-9999 AR 1168002 018630,,-$13.66,"$13,826.38"
05/30/2025,XX8226 POS PURCHASE LEGACY WINE AND LITTLE ROCK AR 04776458 000264,,-$12.05,"$13,814.33"
05/30/2025,XX8226 POS PURCHASE KUM&GO 0139R LIT LITTLE ROCK AR 00000000 027624,,-$29.45,"$13,784.88"
06/02/2025,ONLINE BANKING TRANSFER FROM x3799 06/01/25,,"$1,350.00","$15,134.88"
06/02/2025,XX8226 POS PURCHASE KROGER #623 LITTLE ROCK AR 31790022 090022,,-$6.17,"$15,128.71"
06/02/2025,XX8226 POS PURCHASE KROGER #623 LITTLE ROCK AR 34441110 041110,,-$8.68,"$15,120.03"
06/02/2025,XX8226 POS PURCHASE DAVIDS BURGERS B LITTLE ROCK AR 00001336 021622,,-$11.15,"$15,108.88"
06/02/2025,XX8226 POS PURCHASE KROGER #623 LITTLE ROCK AR 31790014 090014,,-$20.10,"$15,088.78"
06/02/2025,XX8226 POS PURCHASE KROGER #623 LITTLE ROCK AR 34441128 041128,,-$26.81,"$15,061.97"
06/02/2025,Stripe ZG Rental ZG -- Rent ST-B0S9D4M5F4N8,,"-$1,700.00","$13,361.97"
06/03/2025,XX8226 POS PURCHASE ARA UCA MAIN CONWAY AR 00115502 034287,,-$3.31,"$13,358.66"
06/03/2025,XX8226 POS PURCHASE TACO BELL 036397 CONWAY AR 0363003 065528,,-$3.64,"$13,355.02"
06/03/2025,XX8226 POS PURCHASE SONIC DRIVE IN # 501-730-0202 AR 3542002 000104,,-$4.41,"$13,350.61"
06/03/2025,XX8226 POS PURCHASE GRUBHUB U OF CNT CONWAY AR 13322879 022879,,-$6.19,"$13,344.42"
06/03/2025,XX8226 POS PURCHASE KUM&GO 0158R CON CONWAY AR 00000000 000449,,-$14.94,"$13,329.48"
06/03/2025,XX8226 POS PURCHASE UCA BOOKSTORE CONWAY AR 00007378 010069,,-$47.80,"$13,281.68"
06/03/2025,The Ridge at Mea WEB PMTS 22N8YD,,-$260.00,"$13,021.68"
06/04/2025,XX8226 POS PURCHASE KUM&GO 0158R CON CONWAY AR 00000000 055904,,-$13.03,"$13,008.65"
06/04/2025,XX8226 POS PURCHASE WINGSTOP 320 224-402-1847 AR 320 001 002272,,-$21.10,"$12,987.55"
06/05/2025,XX8226 POS PURCHASE SONIC DRIVE IN # 501-730-0202 AR 3542002 096717,,-$13.47,"$12,974.08"
06/06/2025,XX8226 POS PURCHASE PALARM LIQUOR MAUMELLE AR 04772804 515640001628,,-$62.36,"$12,911.72"
06/09/2025,XX8226 POS PURCHASE DD *KOTAROHIBACH DOORDASH.COM CA APGEHDCX 078137,,-$18.55,"$12,893.17"
06/10/2025,XX8226 POS PURCHASE SONIC DRIVE IN # 501-730-0202 AR 3542002 062557,,-$4.64,"$12,888.53"
06/10/2025,XX8226 POS PURCHASE KUM&GO 0158R CON CONWAY AR 00000000 041428,,-$13.03,"$12,875.50"
06/11/2025,XX8226 POS PURCHASE KUM&GO 0158R CON CONWAY AR 00000000 021404,,-$10.90,"$12,864.60"
06/12/2025,XX8226 POS PURCHASE CHICK-FIL-A #032 501-505-8645 AR 1 084668,,-$6.63,"$12,857.97"
06/16/2025,XX8226 POS PURCHASE SONIC DRIVE IN # 501-730-0202 AR 3542002 065300,,-$4.41,"$12,853.56"
06/16/2025,XX8226 POS PURCHASE KROGER #623 LITTLE ROCK AR 34151099 051099,,-$7.15,"$12,846.41"
06/16/2025,XX8226 POS PURCHASE KROGER #623 LITTLE ROCK AR 34151081 051081,,-$13.27,"$12,833.14"
06/16/2025,XX8226 POS PURCHASE BEAR'S DEN PIZZA CONWAY AR V5227171 010079,,-$14.36,"$12,818.78"
06/16/2025,XX8226 POS PURCHASE KUM&GO 0139R LIT LITTLE ROCK AR 00000000 069250,,-$16.07,"$12,802.71"
06/16/2025,XX8226 POS PURCHASE WINGSTOP 320 224-402-1847 AR 320 001 092640,,-$18.88,"$12,783.83"
06/16/2025,CAPITAL ONE CRCARDPMT 43IVZ2SAT21U6RM,,-$68.35,"$12,715.48"
06/18/2025,XX8226 POS PURCHASE KUM&GO 0158R CON CONWAY AR 00000000 025456,,-$5.32,"$12,710.16"
06/20/2025,ONLINE BANKING TRANSFER FROM x3799 06/20/25,,$300.00,"$13,010.16"
06/20/2025,XX8226 POS PURCHASE SONIC DRIVE IN # 501-730-0202 AR 3542002 010848,,-$4.41,"$13,005.75"
06/20/2025,XX8226 POS PURCHASE KUM&GO 0158R CON CONWAY AR 00000000 059552,,-$7.77,"$12,997.98"
06/20/2025,XX8226 POS PURCHASE SONIC DRIVE IN # 501-730-0202 AR 3542002 067507,,-$11.50,"$12,986.48"
06/20/2025,XX8226 POS PURCHASE KUM&GO 0158R CON CONWAY AR 00000000 050403,,-$13.03,"$12,973.45"
06/20/2025,XX8226 POS PURCHASE AWL*PEARSON EDUC PRSONCS.COM NJ 00000000 042693,,-$89.99,"$12,883.46"
06/20/2025,XX8226 POS PURCHASE AWL*PEARSON EDUC PRSONCS.COM NJ 00000000 042789,,-$89.99,"$12,793.47"
06/20/2025,XX8226 POS PURCHASE CONWAY CORPORATI 501-548-3051 AR 00000000 045213,,-$260.75,"$12,532.72"
06/23/2025,APPLE CASH BANK XFER Ryan Mckinney,,"$1,675.00","$14,207.72"
06/23/2025,XX8226 MT DDA CREDIT CASH APP*RYAN MC Oakland CA 1 786724,,"$1,161.58","$15,369.30"
06/23/2025,XX8226 POS PURCHASE KUM&GO 0158R CON CONWAY AR 00000000 072159,,-$9.72,"$15,359.58"
06/23/2025,XX8226 POS PURCHASE PROFESSOR BOWL S LITTLE ROCK AR 12316700 014796,,-$14.99,"$15,344.59"
06/23/2025,XX8226 MT DDA DEBIT CASH APP*RYAN MC Oakland CA 1 382613,,-$15.00,"$15,329.59"
06/23/2025,XX8226 POS PURCHASE KROGER #623 LITTLE ROCK AR 31913590 013590,,-$20.16,"$15,309.43"
06/23/2025,XX8226 POS PURCHASE KROGER #623 LITTLE ROCK AR 35135042 035042,,-$35.45,"$15,273.98"
06/23/2025,XX8226 POS PURCHASE TAKE 5 #248 CONWAY AR 248 001 092335,,-$123.21,"$15,150.77"
06/23/2025,XX8226 POS PURCHASE JAMES EYECARE O LITTLE ROCK AR 25495278 050091,,-$140.00,"$15,010.77"
06/24/2025,XX8226 POS PURCHASE SONIC DRIVE IN # 501-730-0202 AR 3542002 085145,,-$10.00,"$15,000.77"
06/24/2025,XX8226 POS PURCHASE HARPS FOOD STORE CONWAY AR 18065701 918104,,-$26.19,"$14,974.58"
06/25/2025,XX8226 POS PURCHASE KUM&GO 0158R CON CONWAY AR 00000000 009974,,-$13.03,"$14,961.55"
06/25/2025,XX8226 POS PURCHASE WM SUPERCENTER # CONWAY AR 25750007 820224,,-$51.31,"$14,910.24"
06/26/2025,XX8226 POS PURCHASE WINGSTOP 320 224-402-1847 AR 320 001 029923,,-$18.88,"$14,891.36"
06/27/2025,XX8226 POS PURCHASE KUM&GO 0158R CON CONWAY AR 00000000 082693,,-$13.64,"$14,877.72"
06/30/2025,XX8226 POS PURCHASE DAVIDS BURGERS B LITTLE ROCK AR 00001336 044237,,-$12.15,"$14,865.57"
06/30/2025,XX8226 MT DDA DEBIT CASH APP*RYAN MC Oakland CA 1 316822,,-$15.00,"$14,850.57"
06/30/2025,XX8226 POS PURCHASE KUM&GO 0139R LIT LITTLE ROCK AR 00000000 084679,,-$18.32,"$14,832.25"
06/30/2025,XX8226 POS PURCHASE OLD MILL WINE & NORTH LITTLE AR 77941173 070036,,-$60.29,"$14,771.96"
07/01/2025,ONLINE BANKING TRANSFER FROM x3799 07/01/25,,"$1,350.00","$16,121.96"
07/01/2025,XX8226 POS PURCHASE KUM&GO 0158R CON CONWAY AR 00000000 013605,,-$2.05,"$16,119.91"
07/03/2025,XX8226 POS PURCHASE KUM&GO 0158R CON CONWAY AR 00000000 014842,,-$2.05,"$16,117.86"
07/03/2025,XX8226 POS PURCHASE MCDONALD'S F3290 CONWAY AR 1 051340,,-$12.27,"$16,105.59"
07/07/2025,XX8226 POS PURCHASE KUM&GO 0158R CON CONWAY AR 00000000 087924,,-$2.05,"$16,103.54"
07/07/2025,XX8226 POS PURCHASE GENESIS AUTO WAS LITTLE ROCK AR 75891588 097438,,-$25.00,"$16,078.54"
07/07/2025,XX8226 POS PURCHASE KROGER #623 LITTLE ROCK AR 38071962 071962,,-$59.25,"$16,019.29"
07/08/2025,XX8226 POS PURCHASE KROGER FUEL #562 LITTLE ROCK AR 99999999 702379,,-$24.77,"$15,994.52"
07/08/2025,XX8226 POS PURCHASE LEGACY WINE AND LITTLE ROCK AR 04776458 001228,,-$55.80,"$15,938.72"
07/09/2025,XX8226 POS PURCHASE KUM&GO 0158R CON CONWAY AR 00000000 058353,,-$6.03,"$15,932.69"
07/09/2025,XX8226 POS PURCHASE MCDONALD'S F3290 CONWAY AR 1 011229,,-$15.24,"$15,917.45"
07/10/2025,XX8226 POS PURCHASE JIMMY JOHNS - 20 501-329-2200 AR 00000000 037972,,-$20.13,"$15,897.32"
07/11/2025,XX8226 POS PURCHASE WL *Steam Purcha 425-9522985 WA 00000007 057610,,-$7.99,"$15,889.33"
07/11/2025,XX8226 CHECKING PYMNT APPLE COM BILL CUPERTINO CA 003 519202050022,,-$9.66,"$15,879.67"
07/11/2025,XX8226 POS PURCHASE SONIC DRIVE IN # 501-470-3200 AR 5152002 042428,,-$13.34,"$15,866.33"
07/11/2025,XX8226 POS PURCHASE WAL-MART #0005 CONWAY AR 24000501 833518,,-$22.00,"$15,844.33"
07/11/2025,XX8226 POS PURCHASE PALARM LIQUOR MAUMELLE AR 04772804 519270870114,,-$32.54,"$15,811.79"
07/14/2025,XX8226 POS PURCHASE CHICK-FIL-A #032 501-505-8645 AR 1 092393,,-$10.36,"$15,801.43"
07/14/2025,XX8226 POS PURCHASE CRAZY J`S CONWAY AR 00000000 040598,,-$14.13,"$15,787.30"
07/14/2025,XX8226 POS PURCHASE DOMINO'S 5345 501-753-4111 AR 64542397 042397,,-$16.15,"$15,771.15"
07/14/2025,XX8226 POS PURCHASE TST*STOBYS CONWA 501-327-5447 AR 00000000 046296,,-$40.24,"$15,730.91"
07/14/2025,Stripe ZG Rental ZG -- Rent ST-I7G8I4R9U6B0,,-$850.00,"$14,880.91"
07/15/2025,XX8226 POS PURCHASE KUM&GO 0158R CON CONWAY AR 00000000 081607,,-$6.51,"$14,874.40"
07/15/2025,XX8226 POS PURCHASE POPEYES 5733 CONWAY AR 00002058 003650,,-$17.38,"$14,857.02"
07/15/2025,XX8226 POS PURCHASE West End Cigars Conway AR 00010001 927715,,-$26.85,"$14,830.17"
07/15/2025,XX8226 POS PURCHASE WM SUPERCENTER # CONWAY AR 25750011 004339,,-$42.87,"$14,787.30"
07/15/2025,XX8226 POS PURCHASE CONWAY CORPORATI 501-548-3051 AR 00000000 053912,,-$329.05,"$14,458.25"
07/15/2025,CAPITAL ONE CRCARDPMT 43P7YJTPDP4Y20Y,,-$438.31,"$14,019.94"
07/16/2025,XX8226 POS PURCHASE 9245 GREAT CLIPS CONWAY AR 03189094 007601,,-$26.00,"$13,993.94"
07/17/2025,XX8226 POS PURCHASE CONWAY EXPRESS CONWAY AR 00000000 014844,,-$14.15,"$13,979.79"
07/17/2025,XX8226 POS PURCHASE WINGSTOP 320 224-402-1847 AR 320 001 090763,,-$18.88,"$13,960.91"
07/18/2025,XX8226 POS PURCHASE KUM&GO 0158R CON CONWAY AR 002 711033,,-$27.43,"$13,933.48"
07/21/2025,XX8226 POS PURCHASE KUM&GO 0158R CON CONWAY AR 00000000 073008,,-$6.03,"$13,927.45"
07/21/2025,XX8226 POS PURCHASE KUM&GO 0158R CON CONWAY AR 00000000 073000,,-$10.32,"$13,917.13"
07/21/2025,XX8226 POS PURCHASE LEGACY WINE AND LITTLE ROCK AR 04776458 001987,,-$25.38,"$13,891.75"
07/21/2025,XX8226 POS PURCHASE WAL-MART #0005 CONWAY AR 24000501 405336,,-$96.16,"$13,795.59"
07/21/2025,XX8226 POS PURCHASE LAKE LIQUOR NORTH LITTLE AR 04932309 002036,,-$99.91,"$13,695.68"
07/22/2025,XX8226 POS PURCHASE PROFESSOR BOWL S LITTLE ROCK AR 12316700 018610,,-$57.22,"$13,638.46"
07/22/2025,XX8226 POS PURCHASE TCS MIDTOWN GRIL CONWAY AR 75203163 060043,,-$75.36,"$13,563.10"
07/23/2025,XX8226 POS PURCHASE POPEYES 5733 CONWAY AR 00002058 026988,,-$17.38,"$13,545.72"
07/23/2025,XX8226 POS PURCHASE LAKE LIQUOR NORTH LITTLE AR 80615365 508052,,-$17.99,"$13,527.73"
07/23/2025,XX8226 POS PURCHASE WM SUPERCENTER # CONWAY AR 00050005 202406,,-$65.31,"$13,462.42"
07/25/2025,XX8226 POS PURCHASE KUM&GO 0158R CON CONWAY AR 00000000 069264,,-$10.32,"$13,452.10"
07/28/2025,XX8226 POS PURCHASE CIRCLE K DEALER LITTLE ROCK AR 101 641623,,-$9.86,"$13,442.24"
07/28/2025,XX8226 POS PURCHASE CHICK-FIL-A #032 501-505-8645 AR 1 009493,,-$23.36,"$13,418.88"
07/28/2025,XX8226 POS PURCHASE CIRCLE K DEALER LITTLE ROCK AR 101 784406,,-$48.42,"$13,370.46"
07/28/2025,XX8226 POS PURCHASE Grumpys Too Little Rock AR 75011182 037774,,-$56.71,"$13,313.75"
07/29/2025,XX8226 ATM WITHDRAWAL EVI* Oaklawn Joc HOT SPRINGS AR AROAKA04 006353,,-$40.00,"$13,273.75"
07/29/2025,XX8226 POS PURCHASE WM SUPERCENTER # CONWAY AR 00050005 419988,,-$58.68,"$13,215.07"
07/29/2025,XX8226 ATM WITHDRAWAL EVI* Oaklawn Joc HOT SPRINGS AR AROAKX09 004769,,-$80.00,"$13,135.07"
07/29/2025,FEE FOR INQUIRY EVI* Oaklawn Joc HOT SPRINGS AR AROAKX09 004768,,-$2.50,"$13,132.57"
07/29/2025,FEE FOR ATM WITHDRAWAL EVI* Oaklawn Joc HOT SPRINGS AR AROAKX09 004769,,-$2.50,"$13,130.07"
07/29/2025,FEE FOR ATM WITHDRAWAL EVI* Oaklawn Joc HOT SPRINGS AR AROAKA04 006353,,-$2.50,"$13,127.57"
07/29/2025,ATM SURCHARGE XX8226 ATM WITHDRAWAL EVI* Oaklawn Joc HOT SPRINGS AR AROAKX09 00,,-$5.00,"$13,122.57"
07/29/2025,ATM SURCHARGE XX8226 ATM WITHDRAWAL EVI* Oaklawn Joc HOT SPRINGS AR AROAKA04 00,,-$5.00,"$13,117.57"
07/30/2025,XX8226 POS PURCHASE SOUTHWESTERN CAT HOT SPRINGS AR 00000000 011336,,-$4.00,"$13,113.57"
07/30/2025,XX8226 POS PURCHASE SOUTHWESTERN CAT HOT SPRINGS AR 00000000 011338,,-$6.00,"$13,107.57"
07/30/2025,XX8226 POS PURCHASE HARP'S 276 PERRYVILLE AR 41666401 131404,,-$10.12,"$13,097.45"
07/30/2025,XX8226 POS PURCHASE KUM&GO 0171R CON CONWAY AR 00000000 050123,,-$10.32,"$13,087.13"
08/01/2025,ONLINE BANKING TRANSFER FROM x3799 08/01/25,,"$1,350.00","$14,437.13"
08/01/2025,XX8226 POS PURCHASE LOS GALLOS TAQUE CONWAY AR 79201629 040014,,-$39.31,"$14,397.82"
08/01/2025,XX8226 POS PURCHASE LAKE LIQUOR NORTH LITTLE AR 80615365 948662,,-$94.12,"$14,303.70"
08/01/2025,XX8226 ATM WITHDRAWAL BANK OZK CONWAY AR AR000138 006833,,-$140.00,"$14,163.70"
08/04/2025,XX8226 POS PURCHASE BIG RED CHENAL LITTLE ROCK AR 34383001 651739,,-$13.49,"$14,150.21"
08/04/2025,XX8226 POS PURCHASE AJI RAMEN BAR. LITTLE ROCK AR 00015555 043959,,-$19.36,"$14,130.85"
08/04/2025,XX8226 POS PURCHASE SQ *STRIKER INVE Little Rock AR 00000000 080742,,-$21.22,"$14,109.63"
08/04/2025,XX8226 POS PURCHASE JERSEY MIKES ONL https://prod. NJ 00007671 008576,,-$24.68,"$14,084.95"
08/04/2025,XX8226 POS PURCHASE KROGER #623 LITTLE ROCK AR 38437551 037551,,-$33.52,"$14,051.43"
08/04/2025,XX8226 POS PURCHASE KROGER #623 LITTLE ROCK AR 32626431 026431,,-$44.22,"$14,007.21"
08/05/2025,XX8226 POS PURCHASE KUM&GO 0139R LIT LITTLE ROCK AR 00000000 009031,,-$11.43,"$13,995.78"
08/05/2025,XX8226 POS PURCHASE KROGER FUEL #562 LITTLE ROCK AR 99999999 638146,,-$21.20,"$13,974.58"
08/05/2025,XX8226 POS PURCHASE KROGER #623 LITTLE ROCK AR 31654814 054814,,-$34.70,"$13,939.88"
08/06/2025,XX8226 POS PURCHASE WM SUPERCENTER # CONWAY AR 00050016 646132,,-$125.60,"$13,814.28"
08/06/2025,XX8226 POS PURCHASE RPS*The Ridge at 800-7040154 AR 00000000 063309,,"-$1,008.83","$12,805.45"
08/07/2025,XX8226 POS PURCHASE KROGER #623 LITTLE ROCK AR 32698364 098364,,-$10.40,"$12,795.05"
08/07/2025,XX8226 POS PURCHASE KUM&GO 0171R CON CONWAY AR 00000000 042147,,-$17.63,"$12,777.42"
08/11/2025,XX8226 POS PURCHASE MAVERIK #5255 SPRINGDALE AR 1 000422,,-$10.33,"$12,767.09"
08/11/2025,XX8226 POS PURCHASE EXXON EGY MANAGE CONWAY AR 00000000 048385,,-$11.31,"$12,755.78"
08/11/2025,XX8226 POS PURCHASE Love's #0635 Ins ALMA AR 001 558812,,-$14.70,"$12,741.08"
08/11/2025,XX8226 POS PURCHASE MAVERIK #5342 SPRINGDALE AR 15251601 055838,,-$18.90,"$12,722.18"
08/11/2025,XX8226 POS PURCHASE LOVE'S #0635 OUT ALMA AR 00000000 056719,,-$23.15,"$12,699.03"
08/11/2025,XX8226 CHECKING PYMNT APPLE COM BILL CUPERTINO CA 003 522217009019,,-$41.94,"$12,657.09"
08/12/2025,XX8226 MT DDA CREDIT CASH APP*RYAN MC Oakland CA 1 471050,,$808.00,"$13,465.09"
08/12/2025,XX8226 POS PURCHASE KUM&GO 0171R CON CONWAY AR 00000000 086767,,-$4.62,"$13,460.47"
08/12/2025,XX8226 POS PURCHASE SPO*041PICKLEMAN SPRINGDALE AR 31149633 049633,,-$14.32,"$13,446.15"
08/12/2025,XX8226 POS PURCHASE POPEYES 5733 OFFICE@POLLOL AR 00004842 080517,,-$28.78,"$13,417.37"
08/13/2025,XX8226 POS PURCHASE WL *Steam Purcha 425-9522985 WA 00000007 082358,,-$2.99,"$13,414.38"
08/13/2025,XX8226 POS PURCHASE LAKE LIQUOR NORTH LITTLE AR 80615365 757729,,-$99.80,"$13,314.58"
08/14/2025,XX8226 POS PURCHASE KUM&GO 0171R CON CONWAY AR 00000000 079831,,-$17.63,"$13,296.95"
08/14/2025,XX8226 POS PURCHASE DOMINO'S 5345 501-753-4111 AR 54446187 046187,,-$26.08,"$13,270.87"
08/14/2025,XX8226 POS PURCHASE CONWAY CORPORATI 501-548-3051 AR 00000000 062311,,-$499.80,"$12,771.07"
08/15/2025,CAPITAL ONE CRCARDPMT 43VRJVO9I5X75XE,,-$57.00,"$12,714.07"
08/18/2025,XX8226 POS PURCHASE KUM&GO 0171R CON CONWAY AR 00000000 048363,,-$6.51,"$12,707.56"
08/18/2025,XX8226 POS PURCHASE DON PEPES GOURME CONWAY AR 04659212 084165,,-$9.85,"$12,697.71"
08/18/2025,XX8226 POS PURCHASE APPLE.COM/BILL 866-712-7753 CA 00000000 007535,,-$11.98,"$12,685.73"
08/18/2025,XX8226 POS PURCHASE FASSLER HALL AR LITTLE ROCK AR 05433741 020157,,-$23.00,"$12,662.73"
08/18/2025,XX8226 POS PURCHASE CIRCLE K DEALER LITTLE ROCK AR 101 064831,,-$31.65,"$12,631.08"
08/19/2025,XX8226 POS PURCHASE SHELL OIL1001493 LITTLE ROCK AR 00000000 043753,,-$11.42,"$12,619.66"
08/19/2025,XX8226 POS PURCHASE WINGSTOP 144 817-028-1920 AR 144 001 054901,,-$22.90,"$12,596.76"
08/19/2025,XX8226 MT DDA DEBIT CASH APP*JOSHUA Oakland CA 1 488186,,-$25.00,"$12,571.76"
08/19/2025,XX8226 POS PURCHASE Grumpys Too Little Rock AR 75011182 068853,,-$76.99,"$12,494.77"
08/20/2025,XX8226 MT DDA DEBIT CASH APP*SEBASTI Oakland CA 1 510694,,-$17.00,"$12,477.77"
08/20/2025,XX8226 POS PURCHASE KROGER FUEL #562 LITTLE ROCK AR 99999999 252435,,-$23.51,"$12,454.26"
08/20/2025,XX8226 POS PURCHASE ON THE BORDER W 501-2188840 AR 00000000 089773,,-$26.57,"$12,427.69"
08/20/2025,XX8226 POS PURCHASE SHELL OIL1001493 LITTLE ROCK AR 00000000 043537,,-$41.00,"$12,386.69"
08/21/2025,XX8226 POS PURCHASE KROGER FUEL #562 LITTLE ROCK AR 31905372 005372,,-$6.18,"$12,380.51"
08/21/2025,XX8226 POS PURCHASE DON PEPES GOURME CONWAY AR 04659212 032457,,-$13.71,"$12,366.80"
08/21/2025,XX8226 POS PURCHASE WAL-MART #0005 CONWAY AR 24000501 774794,,-$43.78,"$12,323.02"
08/22/2025,XX8226 POS PURCHASE DONAGHY BEARS DE CONWAY AR 001 041447,,-$11.16,"$12,311.86"
08/25/2025,XX8226 POS PURCHASE DQ BRAZIER #4319 CONWAY AR 0000HC6X 055189,,-$7.44,"$12,304.42"
08/25/2025,XX8226 POS PURCHASE CHICK-FIL-A #032 501-505-8645 AR 1 087592,,-$8.90,"$12,295.52"
08/25/2025,XX8226 POS PURCHASE CHICK-FIL-A #032 501-505-8645 AR 1 003661,,-$13.12,"$12,282.40"
08/25/2025,XX8226 POS PURCHASE KUM&GO 0171R CON CONWAY AR 00000000 082155,,-$17.63,"$12,264.77"
08/25/2025,XX8226 POS PURCHASE UCA BOOKSTORE CONWAY AR 08734791 523720002162,,-$65.20,"$12,199.57"
08/26/2025,XX8226 POS PURCHASE KUM&GO 0171R CON CONWAY AR 00000000 090269,,-$12.53,"$12,187.04"
08/27/2025,XX8226 POS PURCHASE TACO BELL 036397 CONWAY AR 0363008 001793,,-$25.18,"$12,161.86"
08/27/2025,XX8226 POS PURCHASE LOS GALLOS TAQUE CONWAY AR 79201629 000017,,-$38.82,"$12,123.04"
08/27/2025,XX8226 POS PURCHASE BEAR'S DEN PIZZA CONWAY AR V5227171 050037,,-$42.14,"$12,080.90"
08/28/2025,XX8226 POS PURCHASE DONAGHY BEARS DE CONWAY AR 001 035586,,-$8.28,"$12,072.62"
08/28/2025,XX8226 POS PURCHASE WALGREENS STORE CONWAY AR 99999999 032661,,-$29.34,"$12,043.28"
08/29/2025,XX8226 POS PURCHASE WAL-MART #0005 CONWAY AR 00050007 524134650029,,-$25.52,"$12,017.76"
08/29/2025,XX8226 POS PURCHASE 9245 GREAT CLIPS CONWAY AR 03189094 010450,,-$26.00,"$11,991.76"
09/02/2025,ONLINE BANKING TRANSFER FROM x3799 09/01/25,,"$1,350.00","$13,341.76"
09/02/2025,XX8226 POS PURCHASE KUM&GO 0171R CON CONWAY AR 00000000 071643,,-$3.90,"$13,337.86"
09/02/2025,XX8226 POS PURCHASE KUM&GO 0139R LIT LITTLE ROCK AR 00000000 012173,,-$13.42,"$13,324.44"
09/02/2025,XX8226 POS PURCHASE TODDY TOBACCO & CONWAY AR 001 067774,,-$21.81,"$13,302.63"
09/02/2025,XX8226 POS PURCHASE JIMS RAZORBACK P LITTLE ROCK AR 03617028 013722,,-$34.70,"$13,267.93"
09/02/2025,XX8226 POS PURCHASE SAMSCLUB #8104 LITTLE ROCK AR 1 085205,,-$92.68,"$13,175.25"
09/03/2025,XX8226 POS PURCHASE KUM&GO 0171R CON CONWAY AR 00000000 010129,,-$11.12,"$13,164.13"
09/03/2025,XX8226 POS PURCHASE WL *STEAM PURCHA 425-889-9642 WA 00000000 073829,,-$39.99,"$13,124.14"
09/03/2025,XX8226 POS PURCHASE TST* FUJI JAPANE CONWAY AR 72797670 097670,,-$45.23,"$13,078.91"
09/04/2025,XX8226 POS PURCHASE CHICK-FIL-A #032 501-505-8645 AR 1 030091,,-$6.63,"$13,072.28"
09/04/2025,XX8226 POS PURCHASE KUM&GO 0171R CON CONWAY AR 002 857572,,-$28.82,"$13,043.46"
09/05/2025,XX8226 POS PURCHASE KUM&GO 0171R CON CONWAY AR 00000000 069638,,-$2.05,"$13,041.41"
09/05/2025,XX8226 POS PURCHASE KUM&GO 0171R CON CONWAY AR 00000000 069754,,-$11.12,"$13,030.29"
09/05/2025,XX8226 POS PURCHASE WAL-MART #0005 CONWAY AR 24000501 335374,,-$74.22,"$12,956.07"
09/05/2025,XX8226 POS PURCHASE LAKE LIQUOR NORTH LITTLE AR 80615362 463748,,-$143.98,"$12,812.09"
09/08/2025,XX8226 POS PURCHASE DON PEPES GOURME CONWAY AR 04659212 034283,,-$8.19,"$12,803.90"
09/08/2025,XX8226 POS PURCHASE KUM&GO 0171R CON CONWAY AR 00000000 020183,,-$21.98,"$12,781.92"
09/08/2025,XX8226 POS PURCHASE WAL-MART #0005 CONWAY AR 24000501 295094,,-$25.13,"$12,756.79"
09/08/2025,XX8226 POS PURCHASE RPS*The Ridge at 800-7040154 AR 00000000 063198,,"-$1,013.83","$11,742.96"
09/09/2025,XX8226 POS PURCHASE WAL-MART #0005 CONWAY AR 00050006 525296001944,,-$95.68,"$11,647.28"
09/10/2025,XX8226 POS PURCHASE BEAR'S DEN PIZZA CONWAY AR V5227171 080006,,-$10.26,"$11,637.02"
09/10/2025,XX8226 POS PURCHASE KUM&GO 0171R CON CONWAY AR 00000000 064493,,-$11.12,"$11,625.90"
09/10/2025,XX8226 POS PURCHASE DONAGHY BEARS DE CONWAY AR 001 034563,,-$12.83,"$11,613.07"
09/10/2025,XX8226 POS PURCHASE BEAR'S DEN PIZZA CONWAY AR V5227171 080003,,-$64.72,"$11,548.35"
09/12/2025,XX8226 POS PURCHASE KUM&GO 0171R CON CONWAY AR 00000000 094875,,-$6.93,"$11,541.42"
09/12/2025,XX8226 POS PURCHASE CONWAY CORPORATI 501-548-3051 AR 00000000 029745,,-$286.81,"$11,254.61"
09/15/2025,XX8226 POS PURCHASE KUM&GO 0171R CON CONWAY AR 00000000 071979,,-$7.04,"$11,247.57"
09/15/2025,XX8226 POS PURCHASE DON PEPES GOURME CONWAY AR 04659212 026948,,-$10.95,"$11,236.62"
09/15/2025,XX8226 POS PURCHASE DONAGHY BEARS DE CONWAY AR 001 032858,,-$11.16,"$11,225.46"
09/15/2025,XX8226 POS PURCHASE BEAR'S DEN PIZZA CONWAY AR V5227171 030046,,-$18.39,"$11,207.07"
09/15/2025,XX8226 POS PURCHASE BEAR'S DEN PIZZA CONWAY AR V5227171 030036,,-$36.93,"$11,170.14"
09/16/2025,XX8226 POS PURCHASE DON PEPES GOURME CONWAY AR 04659212 082286,,-$10.95,"$11,159.19"
09/16/2025,CAPITAL ONE CRCARDPMT 442B2V04BCKLM0Y,,-$147.32,"$11,011.87"
09/17/2025,XX8226 POS PURCHASE DOLLAR TREE CONWAY AR 36890001 016077,,-$5.98,"$11,005.89"
09/17/2025,XX8226 POS PURCHASE CASEY S #4398 55 CONWAY AR 99999999 259112,,-$6.09,"$10,999.80"
09/17/2025,XX8226 POS PURCHASE KUM&GO 0171R CON CONWAY AR 00000000 061982,,-$7.04,"$10,992.76"
09/18/2025,XX8226 POS PURCHASE JIMMY JOHNS - 20 501-329-2200 AR 00000000 012638,,-$9.85,"$10,982.91"
09/18/2025,XX8226 POS PURCHASE CHICK-FIL-A #032 501-505-8645 AR 1 025754,,-$11.75,"$10,971.16"
09/19/2025,XX8226 POS PURCHASE SNAPPY MART 6 CONWAY AR 8 076431,,-$11.87,"$10,959.29"
09/19/2025,XX8226 POS PURCHASE JIMMY JOHNS - 20 501-329-2200 AR 00000000 015323,,-$11.94,"$10,947.35"
09/19/2025,XX8226 POS PURCHASE MAVERIK #5273 CONWAY AR 21714201 810177,,-$29.08,"$10,918.27"
09/19/2025,XX8226 POS PURCHASE Grumpys Too Little Rock AR 75011182 047342,,-$103.15,"$10,815.12"
09/22/2025,XX8226 POS PURCHASE MAVERIK #5251 CONWAY AR 1 074618,,-$3.25,"$10,811.87"
09/22/2025,XX8226 POS PURCHASE MAVERIK #5273 CONWAY AR 1 065278,,-$3.57,"$10,808.30"
09/22/2025,XX8226 POS PURCHASE DON PEPES GOURME CONWAY AR 04659212 001800,,-$14.27,"$10,794.03"
09/22/2025,XX8226 POS PURCHASE MAVERIK #5273 CONWAY AR 21714201 407920,,-$18.48,"$10,775.55"
09/22/2025,XX8226 POS PURCHASE MAVERIK #5273 CONWAY AR 21714201 066960,,-$22.64,"$10,752.91"
09/23/2025,XX8226 POS PURCHASE MAVERIK #5273 CONWAY AR 1 087049,,-$11.93,"$10,740.98"
09/23/2025,XX8226 POS PURCHASE LEGACY WINE AND LITTLE ROCK AR 04776458 000139,,-$23.43,"$10,717.55"
09/25/2025,XX8226 POS PURCHASE CIRCLE K DEALER LITTLE ROCK AR 101 065335,,-$7.74,"$10,709.81"
09/25/2025,XX8226 POS PURCHASE CHICK-FIL-A #032 501-505-8645 AR 1 035273,,-$10.86,"$10,698.95"
09/25/2025,XX8226 POS PURCHASE LAKE LIQUOR NORTH LITTLE AR 80615362 627765,,-$33.50,"$10,665.45"
09/25/2025,XX8226 ATM WITHDRAWAL BANK OZK CONWAY AR AR000138 009183,,-$60.00,"$10,605.45"
09/26/2025,XX8226 POS PURCHASE MAVERIK #5273 CONWAY AR 1 039576,,-$2.38,"$10,603.07"
09/26/2025,XX8226 POS PURCHASE MAVERIK #5273 CONWAY AR 1 039975,,-$8.50,"$10,594.57"
09/26/2025,XX8226 POS PURCHASE JIMMY JOHNS - 20 501-329-2200 AR 00000000 093803,,-$11.94,"$10,582.63"
09/26/2025,XX8226 POS PURCHASE Popeyes 05733 Conway AR 54152070 044609,,-$22.46,"$10,560.17"
09/29/2025,XX8226 POS PURCHASE LOVE'S #0271 INS OZARK AR 00000000 031352,,-$5.58,"$10,554.59"
09/29/2025,XX8226 POS PURCHASE LEVY@ 2 RAZOR FAYETTEVILLE AR 78544436 056806,,-$8.04,"$10,546.55"
09/29/2025,XX8226 POS PURCHASE MAVERIK #5044 SPRINGDALE AR 1 050755,,-$14.30,"$10,532.25"
09/29/2025,XX8226 POS PURCHASE 2LEVY@RAZOR FAYETTEVILLE AR 00000000 007322,,-$25.22,"$10,507.03"
09/29/2025,XX8226 POS PURCHASE 2LEVY@RAZOR FAYETTEVILLE AR 00000000 008409,,-$25.22,"$10,481.81"
09/29/2025,XX8226 POS PURCHASE SPO*041PICKLEMAN 479-316-3600 AR 58823282 023282,,-$36.77,"$10,445.04"
10/01/2025,ONLINE BANKING TRANSFER FROM x3799 10/01/25,,"$1,350.00","$11,795.04"
10/01/2025,XX8226 POS PURCHASE MAVERIK #5273 CONWAY AR 1 000039,,-$7.26,"$11,787.78"
10/02/2025,2582 POS PURCHASE SAMS CLUB #4749 CONWAY AR 47490083 976637(Pending),,-$92.79,"$11,694.99"
10/02/2025,65613 POS PURCHASE RPS*The Ridge at 800-7040154 AR 00000000 065613(Pending),,-$958.83,"$10,736.16"
10/02/2025,8327 POS PREAUTH 9245 GREAT CLIPS CONWAY AR 96078094 008327(Pending),,-$15.99,"$10,720.17"